,CATEGORY,SECTION,REGION,NAME,SCORE,SCORE_REVIEW,REVIEW,LINK,ADDRESS,lat,lng,IMG
0,FOOD,A,제주시,자매국수 본점,3.1,400건,1190,https://place.map.kakao.com/21455793,"
제주특별자치도 제주시 탑동로11길 6 2층
(지번) 삼도이동 1167-14
",33.5168155,126.5171326,0
1,FOOD,A,제주시,제주시새우리 제주점,3.4,111건,534,https://place.map.kakao.com/2146989435,"
제주특별자치도 제주시 무근성7길 24 1층
(지번) 삼도이동 1053-22
",33.514599,126.5207879,http://t1.kakaocdn.net/thumb/T800x0.q80/?fname=http%3A%2F%2Ft1.daumcdn.net%2Fplace%2F7C17327DF940428492712821C0E79F5F
2,FOOD,A,제주시,제주김만복 동문시장점,4.4,401건,326,https://place.map.kakao.com/942388111,"
제주특별자치도 제주시 북성로 65 1층
(지번) 삼도이동 1158-36
",33.5156844,126.5208593,http://t1.kakaocdn.net/thumb/T800x0.q80/?fname=http%3A%2F%2Ft1.daumcdn.net%2Flocalfiy%2Fsearchregister_268786486
3,FOOD,A,제주시,도토리키친,3.9,110건,219,https://place.map.kakao.com/158548436,"
제주특별자치도 제주시 북성로 59 1층
(지번) 삼도이동 1158-1
",33.5153851,126.5186671,http://t1.kakaocdn.net/thumb/T800x0.q80/?fname=http%3A%2F%2Ft1.kakaocdn.net%2Fmystore%2F210837FFD41E42BFBBCDEF7BD401DD62
4,FOOD,A,제주시,미친부엌,3.2,87건,227,https://place.map.kakao.com/26823759,"
제주특별자치도 제주시 탑동로 15 1,2층
(지번) 삼도2동 1192-28
",33.5170276,126.5231102,http://t1.kakaocdn.net/thumb/T800x0.q80/?fname=http%3A%2F%2Ft1.kakaocdn.net%2Ffiy_reboot%2Fplace%2F8B5F62E17D65496299E0CC487D475A51
5,FOOD,A,제주시,일통이반,3.5,75건,244,https://place.map.kakao.com/1146457759,"
제주특별자치도 제주시 중앙로2길 25 1층
(지번) 삼도이동 9-1
",33.5170648,126.5221484,http://t1.kakaocdn.net/thumb/T800x0.q80/?fname=http%3A%2F%2Ft1.daumcdn.net%2Fplace%2F5AFF36C3E80D44E8850C11D7E6648CAC
6,FOOD,A,제주시,원조미풍해장국 본점,3.1,52건,48,https://place.map.kakao.com/11291795,"
제주특별자치도 제주시 중앙로14길 13
(지번) 삼도2동 143-2
",33.5112617,126.5229262,0
7,FOOD,A,제주시,제주에가면,4.3,40건,177,https://place.map.kakao.com/1929674581,"
제주특별자치도 제주시 탑동로 119 1층
(지번) 삼도이동 1158-22
",33.5147226,126.5180767,http://t1.kakaocdn.net/thumb/T800x0.q80/?fname=http%3A%2F%2Ft1.daumcdn.net%2Flocalfiy%2F77E4A6F44ED3416F80F15AF6E592012A
8,FOOD,A,제주시,송림반점,3.7,52건,80,https://place.map.kakao.com/20807210,"
제주특별자치도 제주시 관덕로 2-1
(지번) 삼도2동 857-1
",33.5124146,126.5198134,http://t1.kakaocdn.net/thumb/T800x0.q80/?fname=http%3A%2F%2Ft1.kakaocdn.net%2Ffiy_reboot%2Fplace%2FA763805DF382466C9A79D28222458610
9,FOOD,A,제주시,우무 제주시점,3.5,110건,26,https://place.map.kakao.com/1043872917,"
제주특별자치도 제주시 관덕로8길 40-1
(지번) 삼도이동 193-2
",33.5099706,126.5233033,http://t1.kakaocdn.net/thumb/T800x0.q80/?fname=http%3A%2F%2Ft1.kakaocdn.net%2Ffiy_reboot%2Fplace%2FBBEC6D69EC59487BBF7D0ABE6E660D71
10,FOOD,A,제주시,탐라가든,3.6,31건,79,https://place.map.kakao.com/10817173,"
제주특별자치도 제주시 서사로 51
(지번) 삼도2동 632-7
",33.5078115,126.5203642,http://t1.kakaocdn.net/thumb/T800x0.q80/?fname=http%3A%2F%2Ft1.daumcdn.net%2Fplace%2F580E60B1CC4545C18DD4649477514C4E
11,FOOD,A,제주시,천금반점,3.5,38건,89,https://place.map.kakao.com/9426547,"
제주특별자치도 제주시 북성로 7
(지번) 삼도2동 20-5
",33.5155601,126.5237357,http://t1.kakaocdn.net/thumb/T800x0.q80/?fname=http%3A%2F%2Ft1.daumcdn.net%2Fplace%2F868C4093BA2042DF986BE86EF02BDFCC
12,FOOD,A,제주시,운산식당,4.5,56건,73,https://place.map.kakao.com/2136748338,"
제주특별자치도 제주시 북성로 28
(지번) 삼도이동 1113-1
",33.5159338,126.521961,http://t1.kakaocdn.net/thumb/T800x0.q80/?fname=http%3A%2F%2Ft1.daumcdn.net%2Fplace%2F21B7196C700D419782E079C194DDAFA5
13,FOOD,A,제주시,맥파이 블루버드,3.2,42건,59,https://place.map.kakao.com/524665718,"
제주특별자치도 제주시 탑동로2길 7 1,2층
(지번) 삼도2동 1260-5
",33.51780919999999,126.5235194,http://t1.kakaocdn.net/thumb/T800x0.q80/?fname=http%3A%2F%2Ft1.daumcdn.net%2Flocalfiy%2F8B25044F5C7348FF925BB5871B4C0534
14,FOOD,A,제주시,돈사촌 본점,3.7,45건,364,https://place.map.kakao.com/10304152,"
제주특별자치도 제주시 서사로 7
(지번) 삼도이동 835
",33.5119174,126.5199295,0
15,FOOD,A,제주시,정성듬뿍제주국,3.7,61건,66,https://place.map.kakao.com/13325715,"
제주특별자치도 제주시 무근성7길 16
(지번) 삼도2동 1069-2
",33.51402789999999,126.520295,http://t1.kakaocdn.net/thumb/T800x0.q80/?fname=http%3A%2F%2Ft1.kakaocdn.net%2Ffiy_reboot%2Fplace%2FAA1876FF32B9495A865AD7877E70F8CB
16,FOOD,A,제주시,하루방보쌈 제주본점,4.4,25건,10,https://place.map.kakao.com/10859037,"
제주특별자치도 제주시 중앙로2길 9
(지번) 삼도이동 3-1
",33.5165848,126.5239303,0
17,FOOD,A,제주시,안녕전복,4.6,71건,93,https://place.map.kakao.com/776635732,"
제주특별자치도 제주시 관덕로 3
(지번) 삼도이동 887-1
",33.5128275,126.5196632,http://t1.kakaocdn.net/thumb/T800x0.q80/?fname=http%3A%2F%2Ft1.kakaocdn.net%2Ffiy_reboot%2Fplace%2FFF33D4E22D2C42F9AC63523CFE5356CD
18,FOOD,A,제주시,ABC베이커리,4.1,48건,25,https://place.map.kakao.com/2086134863,"
제주특별자치도 제주시 탑동로 11
(지번) 삼도이동 1192-17
",33.5169485,126.5234344,http://t1.kakaocdn.net/thumb/T800x0.q80/?fname=http%3A%2F%2Ft1.daumcdn.net%2Flocalfiy%2FB879C6DBEBC24EA08CC352E0E42FF287
19,FOOD,A,제주시,늘소담,3.9,29건,159,https://place.map.kakao.com/66426839,"
제주특별자치도 제주시 탑동로 31-3
(지번) 삼도이동 1192-12
",33.5174322,126.5215039,http://t1.kakaocdn.net/thumb/T800x0.q80/?fname=http%3A%2F%2Ft1.daumcdn.net%2Flocalfiy%2F3D23A464F42E44998FECAAEDB85A2A46
20,FOOD,A,제주시,고미미,4.6,20건,34,https://place.map.kakao.com/1961444877,"
제주특별자치도 제주시 북성로 67
(지번) 삼도이동 1158-40
",33.515311,126.5177481,http://t1.kakaocdn.net/thumb/T800x0.q80/?fname=http%3A%2F%2Ft1.daumcdn.net%2Fplace%2FAE31A589EC604785B0CAE3D3DD4E11E4
21,FOOD,A,제주시,요술식탁,4.2,42건,76,https://place.map.kakao.com/2031527473,"
제주특별자치도 제주시 관덕로6길 10
(지번) 삼도이동 62-2
",33.5121052,126.521912,http://t1.kakaocdn.net/thumb/T800x0.q80/?fname=http%3A%2F%2Ft1.daumcdn.net%2Flocalfiy%2FD3FB0ABD28754EE8BF0C12AD34951B6C
22,FOOD,A,제주시,제주맑음,3.9,22건,78,https://place.map.kakao.com/459499800,"
제주특별자치도 제주시 관덕로3길 1-1
(지번) 삼도이동 986-3
",33.5134302,126.5210586,http://t1.kakaocdn.net/thumb/T800x0.q80/?fname=http%3A%2F%2Ft1.daumcdn.net%2Fplace%2F47FE01C8C43340DD9625F6178F6DF3EB
23,FOOD,A,제주시,모찌롱,4.2,13건,78,https://place.map.kakao.com/1050221982,"
제주특별자치도 제주시 관덕로6길 10 1층
(지번) 삼도이동 62-2
",33.5121052,126.521912,http://t1.kakaocdn.net/thumb/T800x0.q80/?fname=http%3A%2F%2Ft1.daumcdn.net%2Fplace%2FA3001EE1AD9D4C9BB9E4E162C9BAA24C
24,FOOD,A,제주시,리듬앤브루스,4.0,38건,49,https://place.map.kakao.com/427669200,"
제주특별자치도 제주시 무근성7길 11
(지번) 삼도이동 1073
",33.5138019,126.5198694,http://t1.kakaocdn.net/thumb/T800x0.q80/?fname=http%3A%2F%2Ft1.daumcdn.net%2Flocalfiy%2F0A406FA8EDE6404AB31353349E8D9026
25,FOOD,A,제주시,제주흑돼지마씸,4.2,18건,20,https://place.map.kakao.com/1307166311,"
제주특별자치도 제주시 탑동로 18
(지번) 삼도이동 1261-19
",33.5174298,126.522971,http://t1.kakaocdn.net/thumb/T800x0.q80/?fname=http%3A%2F%2Ft1.daumcdn.net%2Fplace%2F0F4347A2A7314068BB6AC6F6FC91B4F4
26,FOOD,A,제주시,순아,4.9,32건,26,https://place.map.kakao.com/440194716,"
제주특별자치도 제주시 관덕로 32-1 1,2층
(지번) 삼도이동 72-3
",33.5130604,126.5227848,http://t1.kakaocdn.net/thumb/T800x0.q80/?fname=http%3A%2F%2Ft1.daumcdn.net%2Fplace%2FD303CD3401F54C939E43A901AD37AE88
27,FOOD,A,제주시,에이팩토리 베이커리카페,3.9,21건,48,https://place.map.kakao.com/26098534,"
제주특별자치도 제주시 탑동로 11 1층
(지번) 삼도이동 1192-17
",33.5169485,126.5234344,http://t1.kakaocdn.net/thumb/T800x0.q80/?fname=http%3A%2F%2Ft1.daumcdn.net%2Fplace%2FB216801D71564ED4B851A76325AB1A0E
28,FOOD,A,제주시,레이어스 베이크하우스,4.8,17건,42,https://place.map.kakao.com/1853743411,"
제주특별자치도 제주시 무근성7길 25 1층
(지번) 삼도이동 1112-5
",33.5143708,126.5206029,http://t1.kakaocdn.net/thumb/T800x0.q80/?fname=http%3A%2F%2Ft1.daumcdn.net%2Flocalfiy%2Fsearchregister_658815474
29,FOOD,A,제주시,제주보말칼국수,4.8,39건,44,https://place.map.kakao.com/439308243,"
제주특별자치도 제주시 관덕로8길 40
(지번) 삼도이동 186-4
",33.5099706,126.5233033,http://t1.kakaocdn.net/thumb/T800x0.q80/?fname=http%3A%2F%2Ft1.kakaocdn.net%2Ffiy_reboot%2Fplace%2FFE21B37BF961402C8856BD740A0B4749
30,FOOD,A,제주시,산호전복,3.5,29건,24,https://place.map.kakao.com/8559443,"
제주특별자치도 제주시 탑동로 59
(지번) 삼도이동 1206
",33.5180133,126.5186772,0
31,FOOD,A,제주시,국수마씸,4.0,28건,23,https://place.map.kakao.com/22538437,"
제주특별자치도 제주시 관덕로2길 24 1층
(지번) 삼도이동 830-14
",33.510963,126.5210123,http://t1.kakaocdn.net/thumb/T800x0.q80/?fname=http%3A%2F%2Ft1.kakaocdn.net%2Ffiy_reboot%2Fplace%2F5056C94FCFD545B788D43281C6636B40
32,FOOD,A,제주시,카페송키,4.4,24건,35,https://place.map.kakao.com/1883569834,"
제주특별자치도 제주시 무근성안길 16 1층
(지번) 삼도이동 1120-2
",33.5151147,126.520256,http://t1.kakaocdn.net/thumb/T800x0.q80/?fname=http%3A%2F%2Ft1.daumcdn.net%2Flocalfiy%2F383D18261AD54F428DC67602EB8AF41C
33,FOOD,A,제주시,명물식당,3.5,12건,8,https://place.map.kakao.com/23149701,"
제주특별자치도 제주시 탑동로11길 2-1 1,2층
(지번) 삼도이동 1167-4
",33.5166654,126.517019,0
34,FOOD,A,제주시,이노찌,4.3,18건,17,https://place.map.kakao.com/1274142140,"
제주특별자치도 제주시 전농로 77 1층
(지번) 삼도2동 594-5
",33.5045445,126.5215251,http://t1.kakaocdn.net/thumb/T800x0.q80/?fname=http%3A%2F%2Ft1.daumcdn.net%2Fplace%2F86F052438FC04BCFB58DE47140F7AB1B
35,FOOD,A,제주시,엘리펀트힙,4.1,15건,47,https://place.map.kakao.com/1239134112,"
제주특별자치도 제주시 탑동로 20 1층
(지번) 삼도이동 1261-11
",33.5175324,126.5228745,http://t1.kakaocdn.net/thumb/T800x0.q80/?fname=http%3A%2F%2Ft1.daumcdn.net%2Fplace%2F1B3F945D343144708FA9225FA6D00C24
36,FOOD,A,제주시,동고량,3.2,5건,46,https://place.map.kakao.com/786558974,"
제주특별자치도 제주시 중앙로8길 9 1층
(지번) 삼도2동 22-2
",33.5146057,126.523838,http://t1.kakaocdn.net/thumb/T800x0.q80/?fname=http%3A%2F%2Ft1.daumcdn.net%2Fplace%2F6802D2D0306344CDA9B2EC36420E66A6
37,FOOD,A,제주시,산도위치 제주본점,4.3,26건,19,https://place.map.kakao.com/34312312,"
제주특별자치도 제주시 북성로 64
(지번) 삼도이동 1161-14
",33.5155299,126.5180361,http://t1.kakaocdn.net/thumb/T800x0.q80/?fname=http%3A%2F%2Ft1.daumcdn.net%2Flocalfiy%2F3679363CCD7149A895EE9D0CC41261C4
38,FOOD,A,제주시,와르다레스토랑,4.7,46건,34,https://place.map.kakao.com/479083786,"
제주특별자치도 제주시 관덕로8길 24-1
(지번) 삼도2동 148-3
",33.5110266,126.523168,http://t1.kakaocdn.net/thumb/T800x0.q80/?fname=http%3A%2F%2Ft1.daumcdn.net%2Flocalfiy%2FCA8AAC235EBF4C6085D649FE9438E86C
39,FOOD,A,제주시,카페단단,4.9,39건,35,https://place.map.kakao.com/165691434,"
제주특별자치도 제주시 관덕로4길 1-6
(지번) 삼도이동 977-2
",33.5125846,126.5216649,http://t1.kakaocdn.net/thumb/T800x0.q80/?fname=http%3A%2F%2Ft1.daumcdn.net%2Flocalfiy%2F9A98F41C5D6C4A7092E807C571EF15C5
40,FOOD,A,제주시,베터플랫,3.8,10건,33,https://place.map.kakao.com/1867906481,"
제주특별자치도 제주시 탑동해안로 74 1층
(지번) 삼도이동 1260-1
",33.5182319,126.5231737,http://t1.kakaocdn.net/thumb/T800x0.q80/?fname=http%3A%2F%2Ft1.daumcdn.net%2Fplace%2F1CD109E60850441DB3E6698BCECCE084
41,FOOD,A,제주시,만사오케이,4.8,13건,37,https://place.map.kakao.com/366324762,"
제주특별자치도 제주시 전농로 81 1층
(지번) 삼도이동 593-12
",33.5045029,126.5219638,http://t1.kakaocdn.net/thumb/T800x0.q80/?fname=http%3A%2F%2Ft1.daumcdn.net%2Flocalfiy%2Fsearchregister_2139034120
42,FOOD,A,제주시,서문뒷고기,4.1,14건,17,https://place.map.kakao.com/12332746,"
제주특별자치도 제주시 중앙로14길 40-2
(지번) 삼도2동 821-2
",33.5107686,126.5204355,http://t1.kakaocdn.net/thumb/T800x0.q80/?fname=http%3A%2F%2Ft1.daumcdn.net%2Fplace%2F3C1A86247BAB4E80A5D0334116D54B4A
43,FOOD,A,제주시,아살람레스토랑,4.8,63건,29,https://place.map.kakao.com/312026789,"
제주특별자치도 제주시 중앙로2길 7 1층
(지번) 삼도이동 1-2
",33.516944,126.5224821,0
44,FOOD,A,제주시,올리다버거,5.0,29건,21,https://place.map.kakao.com/2030935408,"
제주특별자치도 제주시 남성로 154-6 1, 2층
(지번) 삼도이동 809-3
",33.5087718,126.5217319,http://t1.kakaocdn.net/thumb/T800x0.q80/?fname=http%3A%2F%2Ft1.kakaocdn.net%2Fmystore%2FF71ECA46B3484AAFAAF322ECCFF5D9BC
45,FOOD,A,제주시,옛날홍가네칼국수,3.6,8건,13,https://place.map.kakao.com/21454159,"
제주특별자치도 제주시 전농로 113
(지번) 삼도이동 303-9
",33.5046406,126.5251996,0
46,FOOD,A,제주시,좋아좋아숯불갈비,3.5,10건,13,https://place.map.kakao.com/30164812,"
제주특별자치도 제주시 북성로 12
(지번) 삼도2동 14-1
",33.5158908,126.5234944,http://t1.kakaocdn.net/thumb/T800x0.q80/?fname=http%3A%2F%2Ft1.daumcdn.net%2Fplace%2F77A2DFED91B04FB3B34B6489EFB899A9
47,FOOD,A,제주시,유메,4.6,22건,41,https://place.map.kakao.com/506397920,"
제주특별자치도 제주시 무근성7길 23
(지번) 삼도이동 1098-5
",33.5148093,126.5206584,http://t1.kakaocdn.net/thumb/T800x0.q80/?fname=http%3A%2F%2Ft1.daumcdn.net%2Fplace%2FB8C3E24CEA0348D7BD05D8A6A2504766
48,FOOD,A,제주시,무조리실 닐키친,4.0,23건,12,https://place.map.kakao.com/1968718587,"
제주특별자치도 제주시 관덕로6길 14 1층
(지번) 삼도이동 971-2
",33.51190920000001,126.5218798,http://t1.kakaocdn.net/thumb/T800x0.q80/?fname=http%3A%2F%2Ft1.daumcdn.net%2Flocalfiy%2Fsearchregister_801539918
49,FOOD,A,제주시,말고기연구소,5.0,21건,35,https://place.map.kakao.com/1597639792,"
제주특별자치도 제주시 북성로 43 1층
(지번) 삼도이동 1116-4
",33.5155142,126.5202708,http://t1.kakaocdn.net/thumb/T800x0.q80/?fname=http%3A%2F%2Ft1.daumcdn.net%2Flocalfiy%2Fsearchregister_816689404
50,FOOD,A,제주시,자양삼계탕,4.5,18건,103,https://place.map.kakao.com/9412840,"
제주특별자치도 제주시 관덕로6길 17 1층
(지번) 삼도이동 108-16
",33.5115545,126.5222259,0
51,FOOD,A,제주시,참좋은해물라면 동문점,3.6,9건,9,https://place.map.kakao.com/158057314,"
제주특별자치도 제주시 중앙로14길 12 1층
(지번) 삼도이동 110-2
",33.5114638,126.5232392,http://t1.kakaocdn.net/thumb/T800x0.q80/?fname=http%3A%2F%2Ft1.daumcdn.net%2Fplace%2F8D14DF60232E4453BDE2EF8AA2E9D473
52,FOOD,A,제주시,이서림,4.7,6건,8,https://place.map.kakao.com/10760929,"
제주특별자치도 제주시 중앙로24길 4
(지번) 삼도이동 1234-4
",33.50668539999999,126.5244471,http://t1.kakaocdn.net/thumb/T800x0.q80/?fname=http%3A%2F%2Ft1.daumcdn.net%2Fplace%2F1B190DB5021B42F3AEBFD2F59038A9D7
53,FOOD,A,제주시,미화식탁,5.0,5건,13,https://place.map.kakao.com/472476478,"
제주특별자치도 제주시 전농로 75-1 1층
(지번) 삼도이동 594-19
",33.5045301,126.5213746,http://t1.kakaocdn.net/thumb/T800x0.q80/?fname=http%3A%2F%2Ft1.daumcdn.net%2Flocalfiy%2F3C49C40CE7504891A9DA96224CA34DEB
54,FOOD,A,제주시,20년전통부대찌개,3.6,5건,6,https://place.map.kakao.com/10761819,"
제주특별자치도 제주시 중앙로14길 35
(지번) 삼도이동 819-23
",33.5106084,126.5208407,http://t1.kakaocdn.net/thumb/T800x0.q80/?fname=http%3A%2F%2Ft1.daumcdn.net%2Fplace%2F5002374A1E5343AF8D3764073F40FD38
55,FOOD,A,제주시,소은,4.9,8건,24,https://place.map.kakao.com/1133717458,"
제주특별자치도 제주시 전농로 73-2
(지번) 삼도이동 594-21
",33.5045386,126.521254,http://t1.kakaocdn.net/thumb/T800x0.q80/?fname=http%3A%2F%2Ft1.daumcdn.net%2Fplace%2F6D64EF682BA649EF997762D30B728BA8
56,FOOD,A,제주시,바다잔치,4.6,9건,6,https://place.map.kakao.com/10411462,"
제주특별자치도 제주시 탑동로 79
(지번) 삼도2동 1221-22
",33.5177224,126.5168965,http://t1.kakaocdn.net/thumb/T800x0.q80/?fname=http%3A%2F%2Ft1.daumcdn.net%2Flocalfiy%2F2C8CAB386A454D68854C2CC751FD5455
57,FOOD,A,제주시,코크니셰,4.4,5건,7,https://place.map.kakao.com/202477480,"
제주특별자치도 제주시 서사로11길 16 1층
(지번) 삼도이동 594-30
",33.5056572,126.5216826,http://t1.kakaocdn.net/thumb/T800x0.q80/?fname=http%3A%2F%2Ft1.daumcdn.net%2Fplace%2FF5B68599B2734E019ACFA0FFF942E2F7
58,FOOD,A,제주시,상향평준화,5.0,7건,9,https://place.map.kakao.com/1536305344,"
제주특별자치도 제주시 남성로 156 지하 1층
(지번) 삼도이동 199-5
",33.5090945,126.5219589,http://t1.kakaocdn.net/thumb/T800x0.q80/?fname=http%3A%2F%2Ft1.kakaocdn.net%2Fmystore%2F049407224676418997303B215A8EFFE5
59,FOOD,A,제주시,크림,5.0,3건,9,https://place.map.kakao.com/404576962,"
제주특별자치도 제주시 탑동로 14 아라리오뮤지엄 1층
(지번) 삼도이동 1261-8
",33.5174219,126.5234393,0
60,FOOD,A,제주시,돈돈,4.7,29건,8,https://place.map.kakao.com/27235075,"
제주특별자치도 제주시 관덕로 2-3 1층
(지번) 삼도2동 851-1
",33.5125544,126.519896,http://t1.kakaocdn.net/thumb/T800x0.q80/?fname=http%3A%2F%2Ft1.daumcdn.net%2Fcfile%2F2379E050563062E505
61,FOOD,A,제주시,미친건아,4.8,4건,6,https://place.map.kakao.com/1875441684,"
제주특별자치도 제주시 탑동로 15 2층
(지번) 삼도이동 1192-28
",33.517007,126.5231956,http://t1.kakaocdn.net/thumb/T800x0.q80/?fname=http%3A%2F%2Ft1.daumcdn.net%2Fplace%2F4C0BECA8CB944982A44377B59C0573EA
62,FOOD,A,제주시,카페효주,5.0,10건,7,https://place.map.kakao.com/1525524763,"
제주특별자치도 제주시 관덕로 8 1층
(지번) 삼도이동 903
",33.5127375,126.5202782,0
63,FOOD,A,제주시,봄이네해바라기,3.6,19건,10,https://place.map.kakao.com/20018734,"
제주특별자치도 제주시 중앙로14길 24
(지번) 삼도이동 925-1
",33.5113185,126.521793,http://t1.kakaocdn.net/thumb/T800x0.q80/?fname=http%3A%2F%2Ft1.daumcdn.net%2Fplace%2F6DCD32CCF9CF4EBB81302DE19B3DE45D
64,FOOD,A,제주시,연수감자탕,3.3,7건,9,https://place.map.kakao.com/17710781,"
제주특별자치도 제주시 전농로 103-1
(지번) 삼도2동 300-96
",33.5044477,126.5244388,http://t1.kakaocdn.net/thumb/T800x0.q80/?fname=http%3A%2F%2Ft1.daumcdn.net%2Fplace%2FE2DE60B21BAD47A8AB3E684FF8B2B0C7
65,FOOD,A,제주시,제주관덕정분식,3.1,55건,188,https://place.map.kakao.com/1951295696,"
제주특별자치도 제주시 관덕로8길 7-9 1층
(지번) 일도1동 1448
",33.5125989,126.5243823,http://t1.kakaocdn.net/thumb/T800x0.q80/?fname=http%3A%2F%2Ft1.daumcdn.net%2Flocalfiy%2Fsearchregister_1963593296
66,FOOD,A,제주시,태광식당,3.7,74건,166,https://place.map.kakao.com/24119106,"
제주특별자치도 제주시 탑동로 144
(지번) 용담일동 118
",33.5126043,126.5188652,http://t1.kakaocdn.net/thumb/T800x0.q80/?fname=http%3A%2F%2Ft1.daumcdn.net%2Fplace%2F727BC14F892C4775B18BED4FC1CAEB9A
67,FOOD,A,제주시,진아떡집,4.5,95건,118,https://place.map.kakao.com/10777503,"
제주특별자치도 제주시 동문로4길 7-1
(지번) 일도일동 1141-3
",33.5123688,126.5284577,http://t1.kakaocdn.net/thumb/T800x0.q80/?fname=http%3A%2F%2Ft1.daumcdn.net%2Fplace%2FF13EFA33FC7243FE9A9338FE58AD5AA8
68,FOOD,A,제주시,고집돌우럭 제주공항점,4.7,905건,1896,https://place.map.kakao.com/232056222,"
제주특별자치도 제주시 임항로 30
(지번) 건입동 1319-124
",33.5163432,126.5281752,http://t1.kakaocdn.net/thumb/T800x0.q80/?fname=http%3A%2F%2Ft1.kakaocdn.net%2Fmystore%2FCCB0F339201548D29FBAFF6437D13D6E
69,FOOD,A,제주시,마음에온,4.4,33건,156,https://place.map.kakao.com/522395014,"
제주특별자치도 제주시 칠성로길 29-1
(지번) 일도일동 1301-4
",33.514554,126.5260077,http://t1.kakaocdn.net/thumb/T800x0.q80/?fname=http%3A%2F%2Ft1.daumcdn.net%2Fplace%2F38F757F05CA24D71B9B9ABCF92CE0ABD
70,FOOD,A,제주시,복집식당,4.3,49건,27,https://place.map.kakao.com/10372437,"
제주특별자치도 제주시 비룡길 5
(지번) 용담일동 109
",33.5125961,126.51848,http://t1.kakaocdn.net/thumb/T800x0.q80/?fname=http%3A%2F%2Ft1.kakaocdn.net%2Ffiy_reboot%2Fplace%2FADA7A0600F434FE0B024D44837795390
71,FOOD,A,제주시,살아있는해물뚝배기 어마장장,4.4,88건,228,https://place.map.kakao.com/1697090646,"
제주특별자치도 제주시 성지로 62
(지번) 일도이동 1028-49
",33.5110843,126.5299184,http://t1.kakaocdn.net/thumb/T800x0.q80/?fname=http%3A%2F%2Ft1.daumcdn.net%2Fplace%2F3F8092990DC84486B040B3F046363F4A
72,FOOD,A,제주시,스시도모다찌 칠성점,4.5,65건,55,https://place.map.kakao.com/1755141351,"
제주특별자치도 제주시 관덕로13길 3 1층
(지번) 일도일동 1465-4
",33.5134667,126.5258614,http://t1.kakaocdn.net/thumb/T800x0.q80/?fname=http%3A%2F%2Ft1.daumcdn.net%2Flocalfiy%2F979DAC2EF60D429FAD9BC8D0D0AC6269
73,FOOD,A,제주시,오현돼지불백,4.0,54건,92,https://place.map.kakao.com/22173396,"
제주특별자치도 제주시 성지로 58-2
(지번) 일도2동 1028-32
",33.5110174,126.5296752,0
74,FOOD,A,제주시,돈향기,3.8,45건,497,https://place.map.kakao.com/12542076,"
제주특별자치도 제주시 관덕로15길 30
(지번) 건입동 1384
",33.5158029,126.5270908,0
75,FOOD,A,제주시,산지해장국,4.4,97건,121,https://place.map.kakao.com/25430346,"
제주특별자치도 제주시 임항로 34 1층
(지번) 건입동 1319-121
",33.5163515,126.5285668,http://t1.kakaocdn.net/thumb/T800x0.q80/?fname=http%3A%2F%2Ft1.daumcdn.net%2Fplace%2FE55AB20C0DD1403792FBEBE403D0657E
76,FOOD,A,제주시,곤밥2,4.5,86건,78,https://place.map.kakao.com/2007313797,"
제주특별자치도 제주시 서부두남길 8
(지번) 일도일동 1259-1
",33.5149292,126.5277707,http://t1.kakaocdn.net/thumb/T800x0.q80/?fname=http%3A%2F%2Ft1.daumcdn.net%2Fplace%2F36F8E25C14484900AB6B57974EC84A81
77,FOOD,A,제주시,산지물 본점,3.5,128건,77,https://place.map.kakao.com/14491336,"
제주특별자치도 제주시 임항로 26
(지번) 건입동 1388-1
",33.5162775,126.5275789,http://t1.kakaocdn.net/thumb/T800x0.q80/?fname=http%3A%2F%2Ft1.daumcdn.net%2Fplace%2F1FBBDC53CDC2460C979AD5A808F271D9
78,FOOD,A,제주시,제주서문수산,4.1,39건,27,https://place.map.kakao.com/19048319,"
제주특별자치도 제주시 서문로4길 13-2 서문공설시장 1073호
(지번) 용담1동 135-9
",33.5117807,126.5181132,http://t1.kakaocdn.net/thumb/T800x0.q80/?fname=http%3A%2F%2Ft1.daumcdn.net%2Fplace%2F6E4723882C4C4E49954AE25EC6B8A14A
79,FOOD,A,제주시,삼대국수회관 본점,3.6,121건,238,https://place.map.kakao.com/1027828348,"
제주특별자치도 제주시 삼성로 41
(지번) 일도2동 1045-12
",33.5068926,126.5301142,http://t1.kakaocdn.net/thumb/T800x0.q80/?fname=http%3A%2F%2Ft1.daumcdn.net%2Fplace%2F5EE122068C844A759D93A23DF8501A48
80,FOOD,A,제주시,순수한둠비,4.6,40건,74,https://place.map.kakao.com/779594348,"
제주특별자치도 제주시 서문로 37-11 1층
(지번) 용담일동 310-48
",33.5111219,126.5145499,http://t1.kakaocdn.net/thumb/T800x0.q80/?fname=http%3A%2F%2Ft1.daumcdn.net%2Flocalfiy%2FDFD1516145104575829E77975338FD13
81,FOOD,A,제주시,위더스트래블 칠성점,4.2,19건,52,https://place.map.kakao.com/39080316,"
제주특별자치도 제주시 중앙로5길 4
(지번) 일도1동 1298-22
",33.5152037,126.5252228,http://t1.kakaocdn.net/thumb/T800x0.q80/?fname=http%3A%2F%2Ft1.daumcdn.net%2Fplace%2FD21416B8CA5D4F038AC0B033F9549A03
82,FOOD,A,제주시,스타벅스 제주칠성점,3.8,29건,55,https://place.map.kakao.com/26643820,"
제주특별자치도 제주시 관덕로 55
(지번) 일도1동 1461-1
",33.5133421,126.5253125,http://t1.kakaocdn.net/thumb/T800x0.q80/?fname=http%3A%2F%2Ft1.daumcdn.net%2Fcfile%2F2214A84D55E006E51B
83,FOOD,A,제주시,명동손칼국수,4.5,15건,40,https://place.map.kakao.com/10336266,"
제주특별자치도 제주시 중앙로15길 5
(지번) 이도1동 1421-20
",33.5106809,126.5244999,0
84,FOOD,A,제주시,칠성뷔페,3.5,24건,32,https://place.map.kakao.com/1512817381,"
제주특별자치도 제주시 관덕로11길 17
(지번) 일도일동 1298-28
",33.5146549,126.5252461,http://t1.kakaocdn.net/thumb/T800x0.q80/?fname=http%3A%2F%2Ft1.daumcdn.net%2Flocalfiy%2FA4AF1695C1B7462BA134E6DB2D517E86
85,FOOD,A,제주시,물항식당 본점,3.4,47건,93,https://place.map.kakao.com/7875124,"
제주특별자치도 제주시 임항로 37-4
(지번) 건입동 1319-14
",33.5169091,126.5291407,0
86,FOOD,A,제주시,남해수산,4.9,40건,18,https://place.map.kakao.com/570522498,"
제주특별자치도 제주시 관덕로14길 9
(지번) 이도일동 1928
",33.5124184,126.5266369,0
87,FOOD,A,제주시,대돈,3.7,54건,214,https://place.map.kakao.com/1639836690,"
제주특별자치도 제주시 관덕로15길 29
(지번) 건입동 1399-1
",33.5158785,126.5267774,http://t1.kakaocdn.net/thumb/T800x0.q80/?fname=http%3A%2F%2Ft1.daumcdn.net%2Fcfile%2F2576C3495863637209
88,FOOD,A,제주시,국수마당 본점,3.8,86건,259,https://place.map.kakao.com/21295286,"
제주특별자치도 제주시 삼성로 65
(지번) 일도2동 1034-19
",33.5080638,126.5322532,http://t1.kakaocdn.net/thumb/T800x0.q80/?fname=http%3A%2F%2Ft1.daumcdn.net%2Fplace%2F041E09F1705B466EA357E50595DD8739
89,FOOD,A,제주시,아서원,4.3,20건,10,https://place.map.kakao.com/9260041,"
제주특별자치도 제주시 서사로6길 2
(지번) 삼도1동 804-5
",33.5082115,126.5195868,http://t1.kakaocdn.net/thumb/T800x0.q80/?fname=http%3A%2F%2Ft1.daumcdn.net%2Fplace%2F916102CBAA3E48328AF7A4B138552FA5
90,FOOD,A,제주시,24시국수회관,3.9,22건,26,https://place.map.kakao.com/9562974,"
제주특별자치도 제주시 남성로 122-1
(지번) 삼도일동 797-8
",33.5087628,126.5184883,http://t1.kakaocdn.net/thumb/T800x0.q80/?fname=http%3A%2F%2Ft1.daumcdn.net%2Fplace%2FE987D9C2205C47A6B6A4D1D5D5402B76
91,FOOD,A,제주시,골목식당,4.3,20건,21,https://place.map.kakao.com/21516667,"
제주특별자치도 제주시 중앙로 63-9
(지번) 이도1동 1347-1
",33.5117645,126.5250949,http://t1.kakaocdn.net/thumb/T800x0.q80/?fname=http%3A%2F%2Ft1.daumcdn.net%2Fplace%2F95C7E08966C94B9DBF81EFE47D8629C6
92,FOOD,A,제주시,대광식당,3.5,24건,37,https://place.map.kakao.com/9737285,"
제주특별자치도 제주시 중앙로23길 9
(지번) 이도일동 1704-12
",33.5072749,126.5258685,http://t1.kakaocdn.net/thumb/T800x0.q80/?fname=http%3A%2F%2Ft1.kakaocdn.net%2Ffiy_reboot%2Fplace%2F02110B53C83749C7A18E4DA11B455AEC
93,FOOD,A,제주시,가치,4.0,22건,113,https://place.map.kakao.com/400897337,"
제주특별자치도 제주시 동한두기길 17 1층
(지번) 용담1동 417
",33.5164342,126.5158594,http://t1.kakaocdn.net/thumb/T800x0.q80/?fname=http%3A%2F%2Ft1.daumcdn.net%2Fplace%2F0C9537DC3D85428F9BDFC70E8E8FEFF6
94,FOOD,A,제주시,컴플렉스,4.9,43건,28,https://place.map.kakao.com/1556209480,"
제주특별자치도 제주시 중앙로14길 4 1층
(지번) 이도일동 1401-1
",33.5114,126.5241658,http://t1.kakaocdn.net/thumb/T800x0.q80/?fname=http%3A%2F%2Ft1.daumcdn.net%2Flocalfiy%2FA81E068885F94160967A01FB1F4B3BEF
95,FOOD,A,제주시,관심사,4.0,10건,30,https://place.map.kakao.com/1224000506,"
제주특별자치도 제주시 중앙로 77 지하1층
(지번) 이도일동 1413-1
",33.5112434,126.5246399,http://t1.kakaocdn.net/thumb/T800x0.q80/?fname=http%3A%2F%2Ft1.daumcdn.net%2Fplace%2F5FB20F80EA094CB38337E281C9A1EE4E
96,FOOD,A,제주시,태하횟집,4.7,55건,129,https://place.map.kakao.com/1257724094,"
제주특별자치도 제주시 동한두기길 31-2 1, 2층
(지번) 용담1동 409
",33.5166474,126.5152928,http://t1.kakaocdn.net/thumb/T800x0.q80/?fname=http%3A%2F%2Ft1.daumcdn.net%2Fplace%2F88C574EBB8124CFDA3C49B42BFB3052B
97,FOOD,A,제주시,자연몸국,4.5,14건,33,https://place.map.kakao.com/17063799,"
제주특별자치도 제주시 중앙로 63-9
(지번) 이도1동 1347-1
",33.5117645,126.5250949,http://t1.kakaocdn.net/thumb/T800x0.q80/?fname=http%3A%2F%2Ft1.daumcdn.net%2Fplace%2F92F9B0E03D204D2592B8B7DC3467AAF2
98,FOOD,A,제주시,누옥,4.4,35건,41,https://place.map.kakao.com/2052698459,"
제주특별자치도 제주시 삼성로5길 21-1
(지번) 일도이동 1042-6
",33.50826900000001,126.5287994,http://t1.kakaocdn.net/thumb/T800x0.q80/?fname=http%3A%2F%2Ft1.daumcdn.net%2Fplace%2F412E2F9ACC844E389F81C30CF99F5F63
99,FOOD,A,제주시,에이바우트커피 칠성점,3.4,16건,24,https://place.map.kakao.com/1602152285,"
제주특별자치도 제주시 관덕로11길 36
(지번) 건입동 1406-1
",33.5162049,126.5257988,http://t1.kakaocdn.net/thumb/T800x0.q80/?fname=http%3A%2F%2Ft1.daumcdn.net%2Fplace%2F4B1B9F63D5DE4C29A80DB8541C4CAB09
100,FOOD,A,제주시,아베베베이커리,4.4,63건,95,https://place.map.kakao.com/587249375,"
제주특별자치도 제주시 동문로 10
(지번) 일도일동 1145-9
",33.5127762,126.5278363,http://t1.kakaocdn.net/thumb/T800x0.q80/?fname=http%3A%2F%2Ft1.daumcdn.net%2Fplace%2FCA510AB66D1C42DBB4672FCF569FC001
101,FOOD,A,제주시,태선갈비,3.7,20건,19,https://place.map.kakao.com/11971375,"
제주특별자치도 제주시 중앙로23길 2
(지번) 이도1동 1708-1
",33.5068496,126.5253624,0
102,FOOD,A,제주시,파도식당,4.2,37건,25,https://place.map.kakao.com/21477180,"
제주특별자치도 제주시 성지로 68-1
(지번) 일도2동 1028-21
",33.5112951,126.5305821,0
103,FOOD,A,제주시,넉둥베기,4.0,62건,17,https://place.map.kakao.com/455216502,"
제주특별자치도 제주시 서문로 9-1
(지번) 용담1동 306-5
",33.5098237,126.512679,http://t1.kakaocdn.net/thumb/T800x0.q80/?fname=http%3A%2F%2Ft1.kakaocdn.net%2Ffiy_reboot%2Fplace%2F9D98183FB50245899371E7AB8AE3863A
104,FOOD,A,제주시,효퇴국수,3.5,58건,131,https://place.map.kakao.com/17732116,"
제주특별자치도 제주시 서사로 122-1
(지번) 삼도일동 533-7
",33.5015363,126.5196628,http://t1.kakaocdn.net/thumb/T800x0.q80/?fname=http%3A%2F%2Ft1.kakaocdn.net%2Ffiy_reboot%2Fplace%2F22016C7BB3924A5DBA2439A8A354C4C2
105,FOOD,A,제주시,돈대장,4.0,33건,252,https://place.map.kakao.com/23484693,"
제주특별자치도 제주시 흥운길 24-1
(지번) 용담2동 358-19
",33.5110457,126.5119607,http://t1.kakaocdn.net/thumb/T800x0.q80/?fname=http%3A%2F%2Ft1.daumcdn.net%2Fplace%2F6FC40D13C26549E1AB867D04A3DBC1D2
106,FOOD,A,제주시,한라닭강정,4.6,34건,41,https://place.map.kakao.com/556433165,"
제주특별자치도 제주시 서문로 49
(지번) 용담일동 131-7
",33.5113384,126.5165986,http://t1.kakaocdn.net/thumb/T800x0.q80/?fname=http%3A%2F%2Ft1.daumcdn.net%2Fplace%2F0604E76480A54E098118E9C9937E1A66
107,FOOD,A,제주시,바라나시책골목,4.6,36건,27,https://place.map.kakao.com/484703392,"
제주특별자치도 제주시 동한두기길 35-2
(지번) 용담1동 406
",33.5162969,126.5153031,http://t1.kakaocdn.net/thumb/T800x0.q80/?fname=http%3A%2F%2Ft1.daumcdn.net%2Flocalfiy%2F76B5CF8C98CB4E57B0B4054D98D11C7D
108,FOOD,A,제주시,탑부평 흑돼지거리본점,4.2,12건,21,https://place.map.kakao.com/10814831,"
제주특별자치도 제주시 관덕로15길 26
(지번) 건입동 1381-1
",33.5155173,126.5270364,http://t1.kakaocdn.net/thumb/T800x0.q80/?fname=http%3A%2F%2Ft1.daumcdn.net%2Fplace%2F1EBA1E7984D94882A7517FF851447C8C
109,FOOD,A,제주시,달마갈비(달마숯불갈비),4.6,25건,27,https://place.map.kakao.com/8840176,"
제주특별자치도 제주시 중앙로7길 25
(지번) 일도1동 1220-2
",33.5148853,126.5274884,http://t1.kakaocdn.net/thumb/T800x0.q80/?fname=http%3A%2F%2Ft1.daumcdn.net%2Fplace%2FDF997969FF0C46DBBE18FA128CA1276F
110,FOOD,A,제주시,원담,4.0,57건,302,https://place.map.kakao.com/25406600,"
제주특별자치도 제주시 동광로1길 13
(지번) 이도1동 1260-11
",33.5021631,126.5288339,http://t1.kakaocdn.net/thumb/T800x0.q80/?fname=http%3A%2F%2Ft1.daumcdn.net%2Flocalad_thumb%2Ft%2Fda88e811db8edf4ab97652f58fd50bf36fc1e2fa
111,FOOD,A,제주시,용두암오메기떡,4.1,34건,968,https://place.map.kakao.com/171171889,"
제주특별자치도 제주시 용담로7길 6
(지번) 용담2동 603-121
",33.5129348,126.51064,http://t1.kakaocdn.net/thumb/T800x0.q80/?fname=http%3A%2F%2Ft1.daumcdn.net%2Fplace%2F37AE33A62B604BA4835E8C553D9B1440
112,FOOD,A,제주시,칠성골흑돼지,3.4,19건,82,https://place.map.kakao.com/2134761879,"
제주특별자치도 제주시 중앙로1길 11
(지번) 건입동 1397-3
",33.5163838,126.5260509,http://t1.kakaocdn.net/thumb/T800x0.q80/?fname=http%3A%2F%2Ft1.daumcdn.net%2Flocalfiy%2F157B9B1265C24595B00823BC182F257C
113,FOOD,A,제주시,팔도수산식당,4.4,25건,143,https://place.map.kakao.com/12284707,"
제주특별자치도 제주시 임항로 27
(지번) 건입동 1319-37
",33.5166359,126.5279248,0
114,FOOD,A,제주시,동해수산회센타,4.5,47건,14,https://place.map.kakao.com/17190241,"
제주특별자치도 제주시 동문로4길 9 동문공설시장 3-1~3-3호
(지번) 일도1동 1103
",33.5120807,126.5283388,http://t1.kakaocdn.net/thumb/T800x0.q80/?fname=http%3A%2F%2Ft1.daumcdn.net%2Fplace%2FD7422820C3314B969CD574A6800AF158
115,FOOD,A,제주시,스시오하요,4.7,60건,38,https://place.map.kakao.com/1146860562,"
제주특별자치도 제주시 용담로 92
(지번) 용담2동 359-54
",33.5119008,126.5123944,http://t1.kakaocdn.net/thumb/T800x0.q80/?fname=http%3A%2F%2Ft1.daumcdn.net%2Fplace%2F1D31A56895394DBAB319AABF956CA6FA
116,FOOD,A,제주시,화로향,3.4,5건,97,https://place.map.kakao.com/10031771,"
제주특별자치도 제주시 관덕로15길 27 1층
(지번) 건입동 1399-2
",33.5157096,126.5267544,http://t1.kakaocdn.net/thumb/T800x0.q80/?fname=http%3A%2F%2Ft1.kakaocdn.net%2Fmystore%2FFEF8546A5A364112BB20B1B5D398E101
117,FOOD,A,제주시,앞돈지,3.6,21건,24,https://place.map.kakao.com/9236847,"
제주특별자치도 제주시 중앙로1길 28
(지번) 건입동 1370
",33.5160391,126.5275431,0
118,FOOD,A,제주시,참멜,4.7,625건,624,https://place.map.kakao.com/166988393,"
제주특별자치도 제주시 서사로 2-1 1층
(지번) 용담일동 149-3
",33.512033,126.5190407,http://t1.kakaocdn.net/thumb/T800x0.q80/?fname=http%3A%2F%2Ft1.kakaocdn.net%2Ffiy_reboot%2Fplace%2FE3D0159AD352493DB625F53FDB18F8AC
119,FOOD,A,제주시,남양통닭,3.4,15건,29,https://place.map.kakao.com/8877786,"
제주특별자치도 제주시 중앙로 25
(지번) 일도1동 1278-1
",33.515886,126.5249852,0
120,FOOD,A,제주시,착한제주고등어,4.9,49건,19,https://place.map.kakao.com/38455583,"
제주특별자치도 제주시 신산로2길 25 1층
(지번) 일도일동 1112-8
",33.512177,126.5293833,http://t1.kakaocdn.net/thumb/T800x0.q80/?fname=http%3A%2F%2Ft1.daumcdn.net%2Flocalfiy%2Fsearchregister_1456085587
121,FOOD,A,제주시,꺼멍도새기 2호점,3.3,10건,460,https://place.map.kakao.com/11675425,"
제주특별자치도 제주시 동문로4길 9
(지번) 일도1동 1103
",33.5120807,126.5283388,http://t1.kakaocdn.net/thumb/T800x0.q80/?fname=http%3A%2F%2Ft1.daumcdn.net%2Fplace%2F02EAC653D56D482A90629B2F488E94F0
122,FOOD,A,제주시,하빌리스 커피로스터스,3.1,22건,35,https://place.map.kakao.com/27541357,"
제주특별자치도 제주시 전농로 37
(지번) 삼도1동 701-5
",33.504624,126.5172341,http://t1.kakaocdn.net/thumb/T800x0.q80/?fname=http%3A%2F%2Ft1.daumcdn.net%2Fplace%2F39A3299BC08B4F1988E273DB15CF8FC9
123,FOOD,A,제주시,제주앞바다횟집,4.5,36건,217,https://place.map.kakao.com/177445404,"
제주특별자치도 제주시 동한두기길 29 2층
(지번) 용담1동 431
",33.5161161,126.5155067,0
124,FOOD,A,제주시,셰프의초밥 제주,4.5,11건,56,https://place.map.kakao.com/1061242221,"
제주특별자치도 제주시 관덕로15길 2
(지번) 일도일동 1477
",33.513516,126.5271188,http://t1.kakaocdn.net/thumb/T800x0.q80/?fname=http%3A%2F%2Ft1.kakaocdn.net%2Ffiy_reboot%2Fplace%2F27400F04D0FF4CCD87354A92010F410C
125,FOOD,A,제주시,북교해바라기,4.4,14건,14,https://place.map.kakao.com/24161783,"
제주특별자치도 제주시 중앙로 46-8
(지번) 일도1동 1281-5
",33.5144326,126.5242209,http://t1.kakaocdn.net/thumb/T800x0.q80/?fname=http%3A%2F%2Ft1.daumcdn.net%2Fplace%2FC1671E45B6B946258EC3CF140F14DB99
126,FOOD,A,제주시,용연횟집,3.6,12건,40,https://place.map.kakao.com/11188530,"
제주특별자치도 제주시 동한두기길 35
(지번) 용담1동 408
",33.5165125,126.5152403,0
127,FOOD,A,제주시,윤재커피,4.9,38건,8,https://place.map.kakao.com/371491242,"
제주특별자치도 제주시 중앙로12길 1
(지번) 이도1동 1403-2
",33.5117995,126.524172,http://t1.kakaocdn.net/thumb/T800x0.q80/?fname=http%3A%2F%2Ft1.kakaocdn.net%2Ffiy_reboot%2Fplace%2F8489D6AAD7B8404CA64C05D5229132CE
128,FOOD,A,제주시,시청그때그집,4.5,57건,327,https://place.map.kakao.com/1454069536,"
제주특별자치도 제주시 동광로1길 11 1층
(지번) 이도일동 1259-1
",33.501931,126.5289562,http://t1.kakaocdn.net/thumb/T800x0.q80/?fname=http%3A%2F%2Ft1.daumcdn.net%2Fplace%2F4D76A8593E57491B8A4E93C48BFC9B3C
129,FOOD,A,제주시,심이네 고사리육개장,4.2,25건,18,https://place.map.kakao.com/21263670,"
제주특별자치도 제주시 동문로 19-1
(지번) 일도1동 1156-2
",33.5132533,126.5288367,0
130,FOOD,A,제주시,용담기사식당,4.3,24건,98,https://place.map.kakao.com/9668366,"
제주특별자치도 제주시 용담로 98
(지번) 용담2동 358-4
",33.5116458,126.5130611,http://t1.kakaocdn.net/thumb/T800x0.q80/?fname=http%3A%2F%2Ft1.daumcdn.net%2Fplace%2F0A45F38453B540AD91AAE90E0D7457E4
131,FOOD,A,제주시,마초그릴,3.6,18건,14,https://place.map.kakao.com/26983851,"
제주특별자치도 제주시 중앙로 39 남강빌딩 2층
(지번) 일도1동 1280-3
",33.5147835,126.524992,http://t1.kakaocdn.net/thumb/T800x0.q80/?fname=http%3A%2F%2Ft1.daumcdn.net%2Fplace%2FAA8F92B2A9C845978F04D49E19406546
132,FOOD,A,제주시,초밥군커피씨,3.1,9건,43,https://place.map.kakao.com/27233313,"
제주특별자치도 제주시 신선동길 19-1 1층
(지번) 일도이동 1029-36
",33.5100843,126.5310428,http://t1.kakaocdn.net/thumb/T800x0.q80/?fname=http%3A%2F%2Ft1.kakaocdn.net%2Ffiy_reboot%2Fplace%2FCA75F0AA6FCE41AA8BF4567EC34BF173
133,FOOD,A,제주시,자키커피,4.7,15건,22,https://place.map.kakao.com/1304220683,"
제주특별자치도 제주시 오현길 82
(지번) 이도일동 1349-28
",33.5120722,126.5254955,http://t1.kakaocdn.net/thumb/T800x0.q80/?fname=http%3A%2F%2Ft1.daumcdn.net%2Fplace%2F11F4AF253EE8471C9BE99FA4F76D157A
134,FOOD,A,제주시,미르오메기떡,4.5,71건,128,https://place.map.kakao.com/853659200,"
제주특별자치도 제주시 삼성로 25
(지번) 이도일동 1271-29
",33.5059338,126.5289455,http://t1.kakaocdn.net/thumb/T800x0.q80/?fname=http%3A%2F%2Ft1.daumcdn.net%2Flocalad_thumb%2Ft%2F49413703f7fface86a8bc750c204aebd8a1beadd
135,FOOD,A,제주시,채우다,4.4,19건,33,https://place.map.kakao.com/1331469142,"
제주특별자치도 제주시 중앙로7길 31 1층
(지번) 일도일동 1251
",33.5149044,126.5281048,http://t1.kakaocdn.net/thumb/T800x0.q80/?fname=http%3A%2F%2Ft1.daumcdn.net%2Fplace%2F224877B661A3449FB897AB419281105D
136,FOOD,A,제주시,귤하르방 동문시장점,4.0,5건,27,https://place.map.kakao.com/27464666,"
제주특별자치도 제주시 동문로4길 18
(지번) 일도1동 1144-7
",33.5122409,126.5273998,http://t1.kakaocdn.net/thumb/T800x0.q80/?fname=http%3A%2F%2Ft1.daumcdn.net%2Fplace%2F30B86836A1E948978D0F360E411FCF79
137,FOOD,A,제주시,미미국수,3.8,13건,81,https://place.map.kakao.com/656430039,"
제주특별자치도 제주시 삼성로 39
(지번) 일도이동 1046-11
",33.5066756,126.5299123,http://t1.kakaocdn.net/thumb/T800x0.q80/?fname=http%3A%2F%2Ft1.kakaocdn.net%2Ffiy_reboot%2Fplace%2F27B5ECA65C904D738D7AC7088FE4D604
138,FOOD,A,제주시,김만덕객주,4.7,11건,22,https://place.map.kakao.com/27018526,"
제주특별자치도 제주시 임항로 68
(지번) 건입동 984-41
",33.5183479,126.5387193,http://t1.kakaocdn.net/thumb/T800x0.q80/?fname=http%3A%2F%2Ft1.kakaocdn.net%2Ffiy_reboot%2Fplace%2F30D320508FA249F2A37B4CA0338BFB1F
139,FOOD,A,제주시,올댓제주,3.5,15건,8,https://place.map.kakao.com/24123456,"
제주특별자치도 제주시 중앙로1길 33
(지번) 건입동 1319-26
",33.5162354,126.5284396,http://t1.kakaocdn.net/thumb/T800x0.q80/?fname=http%3A%2F%2Ft1.daumcdn.net%2Fplace%2F6FADDBE8B13E494EAA78A908E35A8E1F
140,FOOD,A,제주시,제주스,4.5,4건,61,https://place.map.kakao.com/27089875,"
제주특별자치도 제주시 동문로 4 1호
(지번) 일도일동 1479-1
",33.5128008,126.5269479,http://t1.kakaocdn.net/thumb/T800x0.q80/?fname=http%3A%2F%2Ft1.daumcdn.net%2Fcfile%2F2559954555EE76E009
141,FOOD,A,제주시,카페성지,4.6,11건,6,https://place.map.kakao.com/151574163,"
제주특별자치도 제주시 성지로 10 1층
(지번) 이도일동 1506-1
",33.509674,126.5247397,http://t1.kakaocdn.net/thumb/T800x0.q80/?fname=http%3A%2F%2Ft1.kakaocdn.net%2Ffiy_reboot%2Fplace%2FC35E60695F654199BD765EDA12EA3B90
142,FOOD,A,제주시,연태만,4.2,10건,32,https://place.map.kakao.com/1780423274,"
제주특별자치도 제주시 중앙로21길 10 1층
(지번) 이도일동 1701-5
",33.50811650000001,126.5253818,http://t1.kakaocdn.net/thumb/T800x0.q80/?fname=http%3A%2F%2Ft1.daumcdn.net%2Fplace%2F15601A70960B438FBA61903E6BB1EB61
143,FOOD,A,제주시,온차,4.4,7건,19,https://place.map.kakao.com/2021470876,"
제주특별자치도 제주시 서부두남길 12 1층
(지번) 일도일동 1258
",33.5151382,126.5277532,0
144,FOOD,A,제주시,충민정,4.7,445건,301,https://place.map.kakao.com/1728065244,"
제주특별자치도 제주시 남성로 26-1
(지번) 용담일동 2818-2
",33.5025067,126.5132852,http://t1.kakaocdn.net/thumb/T800x0.q80/?fname=http%3A%2F%2Ft1.daumcdn.net%2Flocalfiy%2F0E6D084FC5C04290841FC0C8D5569C5B
145,FOOD,A,제주시,일도가공,5.0,22건,9,https://place.map.kakao.com/110961595,"
제주특별자치도 제주시 관덕로15길 9 1층
(지번) 일도일동 1333-2
",33.5139989,126.5267167,http://t1.kakaocdn.net/thumb/T800x0.q80/?fname=http%3A%2F%2Ft1.kakaocdn.net%2Ffiy_reboot%2Fplace%2F2F69B62B58BF4F2CAEDBB560DC7E4346
146,FOOD,A,제주시,아남떡집,5.0,6건,6,https://place.map.kakao.com/10600442,"
제주특별자치도 제주시 관덕로14길 4
(지번) 이도1동 1349-2
",33.5126462,126.5264565,http://t1.kakaocdn.net/thumb/T800x0.q80/?fname=http%3A%2F%2Ft1.daumcdn.net%2Fplace%2FE0A6CEBCDF0C4EEE9CAE6B636273A0B7
147,FOOD,A,제주시,임성반점,4.2,30건,60,https://place.map.kakao.com/9402213,"
제주특별자치도 제주시 용화로 57-1
(지번) 용담이동 622-1
",33.5094901,126.509823,0
148,FOOD,A,제주시,참숯구이몬트락,4.5,90건,587,https://place.map.kakao.com/170034856,"
제주특별자치도 제주시 임항로 20 2, 3층
(지번) 건입동 1388-3
",33.5183479,126.5387193,http://t1.kakaocdn.net/thumb/T800x0.q80/?fname=http%3A%2F%2Ft1.daumcdn.net%2Fplace%2F451AA9BD61C0425E8AC639A0DFD51EA4
149,FOOD,A,제주시,육번정육식당,3.6,11건,10,https://place.map.kakao.com/2080533539,"
제주특별자치도 제주시 오현길 88 2층
(지번) 이도1동 1349-51
",33.5125408,126.5255542,http://t1.kakaocdn.net/thumb/T800x0.q80/?fname=http%3A%2F%2Ft1.daumcdn.net%2Fplace%2FD5241DFAF2FD47B29704AC4E5BF747F3
150,FOOD,A,제주시,돈떵이 서부두점,4.8,24건,64,https://place.map.kakao.com/1345067111,"
제주특별자치도 제주시 서부두길 26
(지번) 건입동 1435-2
",33.5183177,126.5285583,http://t1.kakaocdn.net/thumb/T800x0.q80/?fname=http%3A%2F%2Ft1.kakaocdn.net%2Ffiy_reboot%2Fplace%2F74DF6FECC1B1443A86716BD702FB2881
151,FOOD,A,제주시,칠돈가 별관,4.3,13건,54,https://place.map.kakao.com/2112533858,"
제주특별자치도 제주시 남성로 43
(지번) 용담일동 189-3
",33.5041319,126.5128129,http://t1.kakaocdn.net/thumb/T800x0.q80/?fname=http%3A%2F%2Ft1.daumcdn.net%2Fplace%2FD3DB0E9F6AB7490FAA280956A7F2EAFD
152,FOOD,A,제주시,감초식당,3.5,34건,42,https://place.map.kakao.com/10118665,"
제주특별자치도 제주시 동광로1길 32
(지번) 이도1동 1289-5
",33.5032944,126.527915,0
153,FOOD,A,제주시,보말명가,4.3,24건,18,https://place.map.kakao.com/453247315,"
제주특별자치도 제주시 흥운길 77 1층
(지번) 용담이동 440
",33.5154255,126.5140641,http://t1.kakaocdn.net/thumb/T800x0.q80/?fname=http%3A%2F%2Ft1.daumcdn.net%2Flocalfiy%2F95A57C6D70F042B39EDDEE002EC42AF1
154,FOOD,A,제주시,유신횟집,3.8,12건,8,https://place.map.kakao.com/283886981,"
제주특별자치도 제주시 동문로2길 3
(지번) 일도1동 1145-33
",33.51255860000001,126.5271285,http://t1.kakaocdn.net/thumb/T800x0.q80/?fname=http%3A%2F%2Ft1.daumcdn.net%2Fplace%2FC6A3CD29B3244CC3B4806EA38DCE4A7C
155,FOOD,A,제주시,칠돈가 본점,3.9,98건,320,https://place.map.kakao.com/249906601,"
제주특별자치도 제주시 서천길 1
(지번) 용담이동 2695-4
",33.501532,126.5106976,http://t1.kakaocdn.net/thumb/T800x0.q80/?fname=http%3A%2F%2Ft1.daumcdn.net%2Fplace%2F2A085859E78044CD80B59026948A5125
156,FOOD,A,제주시,기꾸스시,3.8,6건,6,https://place.map.kakao.com/1697841202,"
제주특별자치도 제주시 중앙로 73
(지번) 이도일동 1410-1
",33.5116889,126.524726,http://t1.kakaocdn.net/thumb/T800x0.q80/?fname=http%3A%2F%2Ft1.kakaocdn.net%2Ffiy_reboot%2Fplace%2FCE5425A2700B4C9AB0D5EFE3AAC1A7CC
157,FOOD,A,제주시,돈하루방,4.2,24건,34,https://place.map.kakao.com/26540940,"
제주특별자치도 제주시 동광로5길 32
(지번) 이도1동 1249-2
",33.5042418,126.5304011,http://t1.kakaocdn.net/thumb/T800x0.q80/?fname=http%3A%2F%2Ft1.daumcdn.net%2Fplace%2FB57A0084E0A440BEA876B46EE046835D
158,FOOD,A,제주시,봉해장국,3.9,13건,12,https://place.map.kakao.com/18191562,"
제주특별자치도 제주시 성지로 67-1
(지번) 일도1동 1048-6
",33.5116394,126.5304246,http://t1.kakaocdn.net/thumb/T800x0.q80/?fname=http%3A%2F%2Ft1.daumcdn.net%2Fplace%2F581218079F334A0681E3CBA717F5F001
159,FOOD,A,제주시,신해조식당,4.3,12건,12,https://place.map.kakao.com/10607053,"
제주특별자치도 제주시 임항로 38-4
(지번) 건입동 1325
",33.5162952,126.5289951,0
160,FOOD,A,제주시,착한혼밥,4.8,4건,10,https://place.map.kakao.com/712105406,"
제주특별자치도 제주시 중앙로11길 1
(지번) 이도일동 1362-1
",33.5125758,126.5252426,http://t1.kakaocdn.net/thumb/T800x0.q80/?fname=http%3A%2F%2Ft1.daumcdn.net%2Fplace%2F63FC5BE203704392BE592FEDF1674CF4
161,FOOD,A,제주시,시민골,4.3,4건,6,https://place.map.kakao.com/26540588,"
제주특별자치도 제주시 중앙로21길 6
(지번) 이도1동 1701-9
",33.5078868,126.5250886,http://t1.kakaocdn.net/thumb/T800x0.q80/?fname=http%3A%2F%2Ft1.daumcdn.net%2Fplace%2F20C03A4ECC5D4CAC9F41A2E78C1A22C9
162,FOOD,A,제주시,스테이굿무드,3.1,19건,54,https://place.map.kakao.com/953331000,"
제주특별자치도 제주시 용남1길 32-4 1층
(지번) 용담1동 252-13
",33.5064078,126.513593,http://t1.kakaocdn.net/thumb/T800x0.q80/?fname=http%3A%2F%2Ft1.kakaocdn.net%2Ffiy_reboot%2Fplace%2F056AABB5F5BB4D729C4F4E6742BC400C
163,FOOD,A,제주시,해진횟집,4.0,33건,215,https://place.map.kakao.com/456645629,"
제주특별자치도 제주시 서부두길 22
(지번) 건입동 1435-2
",33.5183177,126.5285583,0
164,FOOD,A,제주시,투아일랜드,4.2,22건,41,https://place.map.kakao.com/187484931,"
제주특별자치도 제주시 흥운길 101
(지번) 용담2동 445
",33.5153222,126.5136397,http://t1.kakaocdn.net/thumb/T800x0.q80/?fname=http%3A%2F%2Ft1.daumcdn.net%2Fplace%2FA13596ED36BB449581BA44D4CFCF81FB
165,FOOD,A,제주시,신산머루카페온,5.0,4건,7,https://place.map.kakao.com/1874774290,"
제주특별자치도 제주시 신선길 15-1 1층
(지번) 일도이동 1029-105
",33.5100701,126.5305329,http://t1.kakaocdn.net/thumb/T800x0.q80/?fname=http%3A%2F%2Ft1.kakaocdn.net%2Ffiy_reboot%2Fplace%2F95B58374920543C7BAFFF4728ACE06D7
166,FOOD,A,제주시,근고기세상,3.7,3건,15,https://place.map.kakao.com/15240347,"
제주특별자치도 제주시 동문로4길 9
(지번) 일도1동 1103
",33.5120807,126.5283388,http://t1.kakaocdn.net/thumb/T800x0.q80/?fname=http%3A%2F%2Ft1.daumcdn.net%2Fplace%2F571C449D63294A869C02DAEB9B71BED9
167,FOOD,A,제주시,용꽈배기,4.3,37건,57,https://place.map.kakao.com/1524932463,"
제주특별자치도 제주시 서광로30길 3
(지번) 이도이동 1776-4
",33.4999102,126.5270264,http://t1.kakaocdn.net/thumb/T800x0.q80/?fname=http%3A%2F%2Ft1.kakaocdn.net%2Ffiy_reboot%2Fplace%2F8CAC868105F344A1AC97B0DF0FEB4A1A
168,FOOD,A,제주시,다랑쉬,4.3,16건,83,https://place.map.kakao.com/691894331,"
제주특별자치도 제주시 용문로21길 4
(지번) 용담이동 626-10
",33.508907,126.5094692,http://t1.kakaocdn.net/thumb/T800x0.q80/?fname=http%3A%2F%2Ft1.daumcdn.net%2Flocalfiy%2F69C1DA3C1ED24A2CA002E89E1D2F1A44
169,FOOD,A,제주시,제주할망오메기떡,4.6,8건,37,https://place.map.kakao.com/26324288,"
제주특별자치도 제주시 오현길 48
(지번) 이도1동 1551-24
",33.5092052,126.526404,http://t1.kakaocdn.net/thumb/T800x0.q80/?fname=http%3A%2F%2Ft1.daumcdn.net%2Flocalfiy%2F9A732CDBEA4940028C3E33D8CFA2F96B
170,FOOD,A,제주시,신현대식당,4.2,10건,14,https://place.map.kakao.com/9200433,"
제주특별자치도 제주시 임항로 40
(지번) 건입동 1319-19
",33.5163481,126.5292697,0
171,FOOD,A,제주시,왓더플라워,4.1,16건,43,https://place.map.kakao.com/1669901791,"
제주특별자치도 제주시 동한두기길 9
(지번) 용담1동 394
",33.515735,126.5160382,http://t1.kakaocdn.net/thumb/T800x0.q80/?fname=http%3A%2F%2Ft1.daumcdn.net%2Flocalad_thumb%2Ft%2Fc3ab2d57df249e92237770849db570285df74089
172,FOOD,A,제주시,가영이네횟집,5.0,5건,10,https://place.map.kakao.com/647198830,"
제주특별자치도 제주시 성지로 46-1
(지번) 일도일동 1097-11
",33.5106796,126.5284077,http://t1.kakaocdn.net/thumb/T800x0.q80/?fname=http%3A%2F%2Ft1.daumcdn.net%2Fplace%2F650BBF93FE0E4667B1AFE0D11F9B6737
173,FOOD,A,제주시,시루원,3.3,4건,9,https://place.map.kakao.com/2085292233,"
제주특별자치도 제주시 동문로 6-2
(지번) 일도1동 1145-5
",33.5127072,126.527267,http://t1.kakaocdn.net/thumb/T800x0.q80/?fname=http%3A%2F%2Ft1.daumcdn.net%2Fplace%2FD08173296E3746A094501E5DD2521934
174,FOOD,A,제주시,백년귤화다,5.0,12건,11,https://place.map.kakao.com/1960019719,"
제주특별자치도 제주시 중앙로11길 1 제주청년몰 1층
(지번) 이도일동 1362-1
",33.5139273,126.5241864,http://t1.kakaocdn.net/thumb/T800x0.q80/?fname=http%3A%2F%2Ft1.kakaocdn.net%2Ffiy_reboot%2Fplace%2FAE2D1AC1B54148478FF569E9284F7D00
175,FOOD,A,제주시,국수먹고가게,4.8,15건,11,https://place.map.kakao.com/1891445904,"
제주특별자치도 제주시 흥운길 54
(지번) 용담2동 370-13
",33.5133006,126.5132437,http://t1.kakaocdn.net/thumb/T800x0.q80/?fname=http%3A%2F%2Ft1.daumcdn.net%2Flocalfiy%2F50F25C0D03BC421F92CA278E8D3A451B
176,FOOD,A,제주시,예그리나,4.8,38건,9,https://place.map.kakao.com/24768798,"
제주특별자치도 제주시 흥운길 93 1층
(지번) 용담2동 450
",33.5155302,126.5132443,http://t1.kakaocdn.net/thumb/T800x0.q80/?fname=http%3A%2F%2Ft1.daumcdn.net%2Fplace%2FB8991108343746139C453550BAC9F5F8
177,FOOD,A,제주시,카페쏘해피,4.9,27건,10,https://place.map.kakao.com/2106909178,"
제주특별자치도 제주시 서광로13길 32 1층
(지번) 삼도일동 526-3
",33.5029142,126.5180241,http://t1.kakaocdn.net/thumb/T800x0.q80/?fname=http%3A%2F%2Ft1.daumcdn.net%2Fplace%2F1AF054AA65C84AAE8BB4B800095F5CD1
178,FOOD,A,제주시,집아페,4.5,53건,55,https://place.map.kakao.com/1575226983,"
제주특별자치도 제주시 서광로13길 3
(지번) 삼도1동 518-9
",33.5003337,126.517785,http://t1.kakaocdn.net/thumb/T800x0.q80/?fname=http%3A%2F%2Ft1.daumcdn.net%2Fplace%2F5FE849AF9BDF43F5AF1889AAA330B9FE
179,FOOD,A,제주시,해짓골국수,4.1,17건,7,https://place.map.kakao.com/485694856,"
제주특별자치도 제주시 관덕로15길 31
(지번) 건입동 1390
",33.516059,126.5268679,http://t1.kakaocdn.net/thumb/T800x0.q80/?fname=http%3A%2F%2Ft1.daumcdn.net%2Fplace%2FEA37A120922A4508B656B13FD147DE34
180,FOOD,A,제주시,해광식당 (휴업중),4.6,8건,6,https://place.map.kakao.com/15492241,"
제주특별자치도 제주시 산지로 1-2
(지번) 건입동 1310-1
",33.5162231,126.5308938,http://t1.kakaocdn.net/thumb/T800x0.q80/?fname=http%3A%2F%2Ft1.daumcdn.net%2Fplace%2FB85B823EB5894712BEC03A6EEECDB728
181,FOOD,A,제주시,스시도모다찌 제주점,3.9,63건,72,https://place.map.kakao.com/12748422,"
제주특별자치도 제주시 광양8길 1 2층
(지번) 이도2동 1772-3
",33.4999781,126.5292507,http://t1.kakaocdn.net/thumb/T800x0.q80/?fname=http%3A%2F%2Ft1.daumcdn.net%2Fplace%2FCACD281E79A545B3B47091069CC313FF
182,FOOD,A,제주시,이올라니,3.8,19건,69,https://place.map.kakao.com/1315710148,"
제주특별자치도 제주시 남성로8길 1 1층
(지번) 용담1동 2814-12
",33.5037493,126.5134566,http://t1.kakaocdn.net/thumb/T800x0.q80/?fname=http%3A%2F%2Ft1.daumcdn.net%2Fplace%2FE23DF4B96DCD414AAAC09CE3AED52BD9
183,FOOD,A,제주시,돈물국수,4.1,16건,27,https://place.map.kakao.com/10315218,"
제주특별자치도 제주시 연무정동길 4
(지번) 건입동 1089-44
",33.5140999,126.5354599,http://t1.kakaocdn.net/thumb/T800x0.q80/?fname=http%3A%2F%2Ft1.kakaocdn.net%2Ffiy_reboot%2Fplace%2F2AABD62B5269448DB095D14A868CC282
184,FOOD,A,제주시,루아르커피바 제주,4.8,5건,7,https://place.map.kakao.com/123978663,"
제주특별자치도 제주시 산지로 43 1층
(지번) 일도일동 1146-16
",33.5134753,126.5281753,http://t1.kakaocdn.net/thumb/T800x0.q80/?fname=http%3A%2F%2Ft1.kakaocdn.net%2Ffiy_reboot%2Fplace%2F43BCA0EE2ACA4EB79760CAE33A674A43
185,FOOD,A,제주시,불난닭짱,5.0,4건,11,https://place.map.kakao.com/19550711,"
제주특별자치도 제주시 서문로 18-2
(지번) 용담일동 242-16
",33.5097138,126.5135914,http://t1.kakaocdn.net/thumb/T800x0.q80/?fname=http%3A%2F%2Ft1.daumcdn.net%2Fplace%2FAF3EB9269EAB4BD38F4BADAB99C89E0C
186,FOOD,A,제주시,청춘이오란다,4.4,8건,26,https://place.map.kakao.com/885634941,"
제주특별자치도 제주시 동문로 6-8
(지번) 일도일동 1482-1
",33.512215,126.5271214,http://t1.kakaocdn.net/thumb/T800x0.q80/?fname=http%3A%2F%2Ft1.kakaocdn.net%2Ffiy_reboot%2Fplace%2F164AF692EC68409FAB4AEE44B3C15E67
187,FOOD,A,제주시,대진 1호점,5.0,4건,6,https://place.map.kakao.com/24123446,"
제주특별자치도 제주시 서부두길 16
(지번) 건입동 1319-31
",33.5176631,126.5284004,http://t1.kakaocdn.net/thumb/T800x0.q80/?fname=http%3A%2F%2Ft1.daumcdn.net%2Fplace%2F06EA9A1292BD42A098F07D0A7C9B5D26
188,FOOD,A,제주시,맛고을명가,4.0,3건,7,https://place.map.kakao.com/26346464,"
제주특별자치도 제주시 중앙로1길 12
(지번) 건입동 1403
",33.516119,126.5259262,http://t1.kakaocdn.net/thumb/T800x0.q80/?fname=http%3A%2F%2Ft1.daumcdn.net%2Fplace%2F23F61894B24B4D5093F36348D4DF6F03
189,FOOD,A,제주시,밥부터먹자,4.4,16건,57,https://place.map.kakao.com/1939715755,"
제주특별자치도 제주시 용두암길 2 1층
(지번) 용담2동 481-46
",33.5145621,126.5109318,http://t1.kakaocdn.net/thumb/T800x0.q80/?fname=http%3A%2F%2Ft1.daumcdn.net%2Flocalfiy%2F6FD2D4AA01D940FC9B36D67D467F1E30
190,FOOD,A,제주시,무상찻집 (휴업중),4.8,68건,113,https://place.map.kakao.com/1575289135,"
제주특별자치도 제주시 서광로5길 10
(지번) 용담1동 2826
",33.5009806,126.5144369,http://t1.kakaocdn.net/thumb/T800x0.q80/?fname=http%3A%2F%2Ft1.kakaocdn.net%2Ffiy_reboot%2Fplace%2FA3C8B13E42124C63BA5EF8A3F9E0D725
191,FOOD,A,제주시,탑동마차,4.8,5건,10,https://place.map.kakao.com/460671046,"
제주특별자치도 제주시 중앙로1길 33 1층
(지번) 건입동 1319-26
",33.5162354,126.5284396,http://t1.kakaocdn.net/thumb/T800x0.q80/?fname=http%3A%2F%2Ft1.daumcdn.net%2Flocalfiy%2Fsearchregister_2058070494
192,FOOD,A,제주시,제주인양,4.9,11건,11,https://place.map.kakao.com/1222529386,"
제주특별자치도 제주시 동광로5길 28 1층
(지번) 이도일동 1249-14
",33.5039762,126.5306596,http://t1.kakaocdn.net/thumb/T800x0.q80/?fname=http%3A%2F%2Ft1.daumcdn.net%2Flocalfiy%2Fsearchregister_686716029
193,CAFE,A,제주시,우무 제주시점,3.5,110건,26,https://place.map.kakao.com/1043872917,"
제주특별자치도 제주시 관덕로8길 40-1
(지번) 삼도이동 193-2
",33.5099706,126.5233033,http://t1.kakaocdn.net/thumb/T800x0.q80/?fname=http%3A%2F%2Ft1.kakaocdn.net%2Ffiy_reboot%2Fplace%2FBBEC6D69EC59487BBF7D0ABE6E660D71
194,CAFE,A,제주시,ABC베이커리,4.1,48건,25,https://place.map.kakao.com/2086134863,"
제주특별자치도 제주시 탑동로 11
(지번) 삼도이동 1192-17
",33.5169485,126.5234344,http://t1.kakaocdn.net/thumb/T800x0.q80/?fname=http%3A%2F%2Ft1.daumcdn.net%2Flocalfiy%2FB879C6DBEBC24EA08CC352E0E42FF287
195,CAFE,A,제주시,고미미,4.6,20건,34,https://place.map.kakao.com/1961444877,"
제주특별자치도 제주시 북성로 67
(지번) 삼도이동 1158-40
",33.515311,126.5177481,http://t1.kakaocdn.net/thumb/T800x0.q80/?fname=http%3A%2F%2Ft1.daumcdn.net%2Fplace%2FAE31A589EC604785B0CAE3D3DD4E11E4
196,CAFE,A,제주시,모찌롱,4.2,13건,78,https://place.map.kakao.com/1050221982,"
제주특별자치도 제주시 관덕로6길 10 1층
(지번) 삼도이동 62-2
",33.5121052,126.521912,http://t1.kakaocdn.net/thumb/T800x0.q80/?fname=http%3A%2F%2Ft1.daumcdn.net%2Fplace%2FA3001EE1AD9D4C9BB9E4E162C9BAA24C
197,CAFE,A,제주시,리듬앤브루스,4.0,38건,49,https://place.map.kakao.com/427669200,"
제주특별자치도 제주시 무근성7길 11
(지번) 삼도이동 1073
",33.5138019,126.5198694,http://t1.kakaocdn.net/thumb/T800x0.q80/?fname=http%3A%2F%2Ft1.daumcdn.net%2Flocalfiy%2F0A406FA8EDE6404AB31353349E8D9026
198,CAFE,A,제주시,순아,4.9,32건,26,https://place.map.kakao.com/440194716,"
제주특별자치도 제주시 관덕로 32-1 1,2층
(지번) 삼도이동 72-3
",33.5130604,126.5227848,http://t1.kakaocdn.net/thumb/T800x0.q80/?fname=http%3A%2F%2Ft1.daumcdn.net%2Fplace%2FD303CD3401F54C939E43A901AD37AE88
199,CAFE,A,제주시,카페송키,4.4,24건,35,https://place.map.kakao.com/1883569834,"
제주특별자치도 제주시 무근성안길 16 1층
(지번) 삼도이동 1120-2
",33.5151147,126.520256,http://t1.kakaocdn.net/thumb/T800x0.q80/?fname=http%3A%2F%2Ft1.daumcdn.net%2Flocalfiy%2F383D18261AD54F428DC67602EB8AF41C
200,CAFE,A,제주시,카페단단,4.9,39건,35,https://place.map.kakao.com/165691434,"
제주특별자치도 제주시 관덕로4길 1-6
(지번) 삼도이동 977-2
",33.5125846,126.5216649,http://t1.kakaocdn.net/thumb/T800x0.q80/?fname=http%3A%2F%2Ft1.daumcdn.net%2Flocalfiy%2F9A98F41C5D6C4A7092E807C571EF15C5
201,CAFE,A,제주시,베터플랫,3.8,10건,33,https://place.map.kakao.com/1867906481,"
제주특별자치도 제주시 탑동해안로 74 1층
(지번) 삼도이동 1260-1
",33.5182319,126.5231737,http://t1.kakaocdn.net/thumb/T800x0.q80/?fname=http%3A%2F%2Ft1.daumcdn.net%2Fplace%2F1CD109E60850441DB3E6698BCECCE084
202,CAFE,A,제주시,만사오케이,4.8,13건,37,https://place.map.kakao.com/366324762,"
제주특별자치도 제주시 전농로 81 1층
(지번) 삼도이동 593-12
",33.5045029,126.5219638,http://t1.kakaocdn.net/thumb/T800x0.q80/?fname=http%3A%2F%2Ft1.daumcdn.net%2Flocalfiy%2Fsearchregister_2139034120
203,CAFE,A,제주시,소은,4.9,8건,24,https://place.map.kakao.com/1133717458,"
제주특별자치도 제주시 전농로 73-2
(지번) 삼도이동 594-21
",33.5045386,126.521254,http://t1.kakaocdn.net/thumb/T800x0.q80/?fname=http%3A%2F%2Ft1.daumcdn.net%2Fplace%2F6D64EF682BA649EF997762D30B728BA8
204,CAFE,A,제주시,상향평준화,5.0,7건,9,https://place.map.kakao.com/1536305344,"
제주특별자치도 제주시 남성로 156 지하 1층
(지번) 삼도이동 199-5
",33.5090945,126.5219589,http://t1.kakaocdn.net/thumb/T800x0.q80/?fname=http%3A%2F%2Ft1.kakaocdn.net%2Fmystore%2F049407224676418997303B215A8EFFE5
205,CAFE,A,제주시,크림,5.0,3건,9,https://place.map.kakao.com/404576962,"
제주특별자치도 제주시 탑동로 14 아라리오뮤지엄 1층
(지번) 삼도이동 1261-8
",33.5174219,126.5234393,0
206,CAFE,A,제주시,카페효주,5.0,10건,7,https://place.map.kakao.com/1525524763,"
제주특별자치도 제주시 관덕로 8 1층
(지번) 삼도이동 903
",33.5127375,126.5202782,0
207,CAFE,A,제주시,마음에온,4.4,33건,156,https://place.map.kakao.com/522395014,"
제주특별자치도 제주시 칠성로길 29-1
(지번) 일도일동 1301-4
",33.514554,126.5260077,http://t1.kakaocdn.net/thumb/T800x0.q80/?fname=http%3A%2F%2Ft1.daumcdn.net%2Fplace%2F38F757F05CA24D71B9B9ABCF92CE0ABD
208,CAFE,A,제주시,위더스트래블 칠성점,4.2,19건,52,https://place.map.kakao.com/39080316,"
제주특별자치도 제주시 중앙로5길 4
(지번) 일도1동 1298-22
",33.5152037,126.5252228,http://t1.kakaocdn.net/thumb/T800x0.q80/?fname=http%3A%2F%2Ft1.daumcdn.net%2Fplace%2FD21416B8CA5D4F038AC0B033F9549A03
209,CAFE,A,제주시,스타벅스 제주칠성점,3.8,29건,55,https://place.map.kakao.com/26643820,"
제주특별자치도 제주시 관덕로 55
(지번) 일도1동 1461-1
",33.5133421,126.5253125,http://t1.kakaocdn.net/thumb/T800x0.q80/?fname=http%3A%2F%2Ft1.daumcdn.net%2Fcfile%2F2214A84D55E006E51B
210,CAFE,A,제주시,컴플렉스,4.9,43건,28,https://place.map.kakao.com/1556209480,"
제주특별자치도 제주시 중앙로14길 4 1층
(지번) 이도일동 1401-1
",33.5114,126.5241658,http://t1.kakaocdn.net/thumb/T800x0.q80/?fname=http%3A%2F%2Ft1.daumcdn.net%2Flocalfiy%2FA81E068885F94160967A01FB1F4B3BEF
211,CAFE,A,제주시,관심사,4.0,10건,30,https://place.map.kakao.com/1224000506,"
제주특별자치도 제주시 중앙로 77 지하1층
(지번) 이도일동 1413-1
",33.5112434,126.5246399,http://t1.kakaocdn.net/thumb/T800x0.q80/?fname=http%3A%2F%2Ft1.daumcdn.net%2Fplace%2F5FB20F80EA094CB38337E281C9A1EE4E
212,CAFE,A,제주시,누옥,4.4,35건,41,https://place.map.kakao.com/2052698459,"
제주특별자치도 제주시 삼성로5길 21-1
(지번) 일도이동 1042-6
",33.50826900000001,126.5287994,http://t1.kakaocdn.net/thumb/T800x0.q80/?fname=http%3A%2F%2Ft1.daumcdn.net%2Fplace%2F412E2F9ACC844E389F81C30CF99F5F63
213,CAFE,A,제주시,에이바우트커피 칠성점,3.4,16건,24,https://place.map.kakao.com/1602152285,"
제주특별자치도 제주시 관덕로11길 36
(지번) 건입동 1406-1
",33.5162049,126.5257988,http://t1.kakaocdn.net/thumb/T800x0.q80/?fname=http%3A%2F%2Ft1.daumcdn.net%2Fplace%2F4B1B9F63D5DE4C29A80DB8541C4CAB09
214,CAFE,A,제주시,바라나시책골목,4.6,36건,27,https://place.map.kakao.com/484703392,"
제주특별자치도 제주시 동한두기길 35-2
(지번) 용담1동 406
",33.5162969,126.5153031,http://t1.kakaocdn.net/thumb/T800x0.q80/?fname=http%3A%2F%2Ft1.daumcdn.net%2Flocalfiy%2F76B5CF8C98CB4E57B0B4054D98D11C7D
215,CAFE,A,제주시,하빌리스 커피로스터스,3.1,22건,35,https://place.map.kakao.com/27541357,"
제주특별자치도 제주시 전농로 37
(지번) 삼도1동 701-5
",33.504624,126.5172341,http://t1.kakaocdn.net/thumb/T800x0.q80/?fname=http%3A%2F%2Ft1.daumcdn.net%2Fplace%2F39A3299BC08B4F1988E273DB15CF8FC9
216,CAFE,A,제주시,윤재커피,4.9,38건,8,https://place.map.kakao.com/371491242,"
제주특별자치도 제주시 중앙로12길 1
(지번) 이도1동 1403-2
",33.5117995,126.524172,http://t1.kakaocdn.net/thumb/T800x0.q80/?fname=http%3A%2F%2Ft1.kakaocdn.net%2Ffiy_reboot%2Fplace%2F8489D6AAD7B8404CA64C05D5229132CE
217,CAFE,A,제주시,자키커피,4.7,15건,22,https://place.map.kakao.com/1304220683,"
제주특별자치도 제주시 오현길 82
(지번) 이도일동 1349-28
",33.5120722,126.5254955,http://t1.kakaocdn.net/thumb/T800x0.q80/?fname=http%3A%2F%2Ft1.daumcdn.net%2Fplace%2F11F4AF253EE8471C9BE99FA4F76D157A
218,CAFE,A,제주시,제주스,4.5,4건,61,https://place.map.kakao.com/27089875,"
제주특별자치도 제주시 동문로 4 1호
(지번) 일도일동 1479-1
",33.5128008,126.5269479,http://t1.kakaocdn.net/thumb/T800x0.q80/?fname=http%3A%2F%2Ft1.daumcdn.net%2Fcfile%2F2559954555EE76E009
219,CAFE,A,제주시,카페성지,4.6,11건,6,https://place.map.kakao.com/151574163,"
제주특별자치도 제주시 성지로 10 1층
(지번) 이도일동 1506-1
",33.509674,126.5247397,http://t1.kakaocdn.net/thumb/T800x0.q80/?fname=http%3A%2F%2Ft1.kakaocdn.net%2Ffiy_reboot%2Fplace%2FC35E60695F654199BD765EDA12EA3B90
220,CAFE,A,제주시,스테이굿무드,3.1,19건,54,https://place.map.kakao.com/953331000,"
제주특별자치도 제주시 용남1길 32-4 1층
(지번) 용담1동 252-13
",33.5064078,126.513593,http://t1.kakaocdn.net/thumb/T800x0.q80/?fname=http%3A%2F%2Ft1.kakaocdn.net%2Ffiy_reboot%2Fplace%2F056AABB5F5BB4D729C4F4E6742BC400C
221,CAFE,A,제주시,신산머루카페온,5.0,4건,7,https://place.map.kakao.com/1874774290,"
제주특별자치도 제주시 신선길 15-1 1층
(지번) 일도이동 1029-105
",33.5100701,126.5305329,http://t1.kakaocdn.net/thumb/T800x0.q80/?fname=http%3A%2F%2Ft1.kakaocdn.net%2Ffiy_reboot%2Fplace%2F95B58374920543C7BAFFF4728ACE06D7
222,CAFE,A,제주시,다랑쉬,4.3,16건,83,https://place.map.kakao.com/691894331,"
제주특별자치도 제주시 용문로21길 4
(지번) 용담이동 626-10
",33.508907,126.5094692,http://t1.kakaocdn.net/thumb/T800x0.q80/?fname=http%3A%2F%2Ft1.daumcdn.net%2Flocalfiy%2F69C1DA3C1ED24A2CA002E89E1D2F1A44
223,CAFE,A,제주시,왓더플라워,4.1,16건,43,https://place.map.kakao.com/1669901791,"
제주특별자치도 제주시 동한두기길 9
(지번) 용담1동 394
",33.515735,126.5160382,http://t1.kakaocdn.net/thumb/T800x0.q80/?fname=http%3A%2F%2Ft1.daumcdn.net%2Flocalad_thumb%2Ft%2Fc3ab2d57df249e92237770849db570285df74089
224,CAFE,A,제주시,백년귤화다,5.0,12건,11,https://place.map.kakao.com/1960019719,"
제주특별자치도 제주시 중앙로11길 1 제주청년몰 1층
(지번) 이도일동 1362-1
",33.5139273,126.5241864,http://t1.kakaocdn.net/thumb/T800x0.q80/?fname=http%3A%2F%2Ft1.kakaocdn.net%2Ffiy_reboot%2Fplace%2FAE2D1AC1B54148478FF569E9284F7D00
225,CAFE,A,제주시,예그리나,4.8,38건,9,https://place.map.kakao.com/24768798,"
제주특별자치도 제주시 흥운길 93 1층
(지번) 용담2동 450
",33.5155302,126.5132443,http://t1.kakaocdn.net/thumb/T800x0.q80/?fname=http%3A%2F%2Ft1.daumcdn.net%2Fplace%2FB8991108343746139C453550BAC9F5F8
226,CAFE,A,제주시,카페쏘해피,4.9,27건,10,https://place.map.kakao.com/2106909178,"
제주특별자치도 제주시 서광로13길 32 1층
(지번) 삼도일동 526-3
",33.5029142,126.5180241,http://t1.kakaocdn.net/thumb/T800x0.q80/?fname=http%3A%2F%2Ft1.daumcdn.net%2Fplace%2F1AF054AA65C84AAE8BB4B800095F5CD1
227,CAFE,A,제주시,이올라니,3.8,19건,69,https://place.map.kakao.com/1315710148,"
제주특별자치도 제주시 남성로8길 1 1층
(지번) 용담1동 2814-12
",33.5037493,126.5134566,http://t1.kakaocdn.net/thumb/T800x0.q80/?fname=http%3A%2F%2Ft1.daumcdn.net%2Fplace%2FE23DF4B96DCD414AAAC09CE3AED52BD9
228,CAFE,A,제주시,루아르커피바 제주,4.8,5건,7,https://place.map.kakao.com/123978663,"
제주특별자치도 제주시 산지로 43 1층
(지번) 일도일동 1146-16
",33.5134753,126.5281753,http://t1.kakaocdn.net/thumb/T800x0.q80/?fname=http%3A%2F%2Ft1.kakaocdn.net%2Ffiy_reboot%2Fplace%2F43BCA0EE2ACA4EB79760CAE33A674A43
229,CAFE,A,제주시,무상찻집 (휴업중),4.8,68건,113,https://place.map.kakao.com/1575289135,"
제주특별자치도 제주시 서광로5길 10
(지번) 용담1동 2826
",33.5009806,126.5144369,http://t1.kakaocdn.net/thumb/T800x0.q80/?fname=http%3A%2F%2Ft1.kakaocdn.net%2Ffiy_reboot%2Fplace%2FA3C8B13E42124C63BA5EF8A3F9E0D725
230,CAFE,A,제주시,풍류 아일랜드 팩토리,4.8,4건,15,https://place.map.kakao.com/76644844,"
제주특별자치도 제주시 관덕로8길 31
(지번) 이도일동 1493-1
",33.5105024,126.5234417,http://t1.kakaocdn.net/thumb/T800x0.q80/?fname=http%3A%2F%2Ft1.kakaocdn.net%2Fmystore%2F8AEA6387701D44C5891EEB57A4EF4064
231,CAFE,A,제주시,롤링브루잉,4.7,10건,10,https://place.map.kakao.com/1207134855,"
제주특별자치도 제주시 동문로 21-1 1층
(지번) 일도일동 1168-1
",33.5130969,126.5291783,http://t1.kakaocdn.net/thumb/T800x0.q80/?fname=http%3A%2F%2Ft1.kakaocdn.net%2Ffiy_reboot%2Fplace%2F17FB5F1D113E4FAD92DD2650C18F2D5C
232,CAFE,A,제주시,라토커피,3.1,19건,104,https://place.map.kakao.com/2020231452,"
제주특별자치도 제주시 광양10길 20
(지번) 이도2동 1769-15
",33.4987017,126.5282091,0
233,CAFE,A,제주시,커피파인더,4.8,95건,82,https://place.map.kakao.com/1505002027,"
제주특별자치도 제주시 서광로32길 20 1층
(지번) 이도이동 1766-7
",33.4985811,126.5287567,http://t1.kakaocdn.net/thumb/T800x0.q80/?fname=http%3A%2F%2Ft1.daumcdn.net%2Fplace%2FE308F8F4EC204FA999619DF12D015441
234,CAFE,A,제주시,커피스트릿16,4.9,16건,8,https://place.map.kakao.com/2002632309,"
제주특별자치도 제주시 용두암길 16 1층
(지번) 용담2동 481-25
",33.5145267,126.512338,http://t1.kakaocdn.net/thumb/T800x0.q80/?fname=http%3A%2F%2Ft1.daumcdn.net%2Flocalfiy%2F17A4C845E6E04F05B242D44DC234FFEB
235,CAFE,A,제주시,아일랜드프로젝트,3.8,4건,14,https://place.map.kakao.com/1289727651,"
제주특별자치도 제주시 전농로 29
(지번) 삼도일동 719-30
",33.504647,126.5164481,http://t1.kakaocdn.net/thumb/T800x0.q80/?fname=http%3A%2F%2Ft1.daumcdn.net%2Flocalfiy%2FD43FC2AB9DBD40A6B0D3AB3C5F50EDD1
236,CAFE,A,제주시,이퀄,4.8,10건,11,https://place.map.kakao.com/480749971,"
제주특별자치도 제주시 산지로 21 1층
(지번) 건입동 1142-1
",33.5151532,126.5295461,http://t1.kakaocdn.net/thumb/T800x0.q80/?fname=http%3A%2F%2Ft1.kakaocdn.net%2Ffiy_reboot%2Fplace%2F5C30CB2D7CDC439C9D1A16080C499726
237,CAFE,A,제주시,스타벅스 제주시청점,3.5,24건,61,https://place.map.kakao.com/1551305286,"
제주특별자치도 제주시 중앙로 215
(지번) 이도2동 1176-86
",33.5004872,126.5296069,http://t1.kakaocdn.net/thumb/T800x0.q80/?fname=http%3A%2F%2Ft1.daumcdn.net%2Fplace%2F788CDBE3B9574FABAC0B7CA922529A62
238,CAFE,A,제주시,유노이아,5.0,3건,22,https://place.map.kakao.com/1660120281,"
제주특별자치도 제주시 광양1길 8 1층
(지번) 이도1동 1289-19
",33.5042472,126.5276729,http://t1.kakaocdn.net/thumb/T800x0.q80/?fname=http%3A%2F%2Ft1.daumcdn.net%2Fplace%2F685294E0D5F14403AF98B746C786C605
239,CAFE,A,제주시,귀리공장,4.9,7건,7,https://place.map.kakao.com/1632499645,"
제주특별자치도 제주시 전농로 119 103호
(지번) 이도일동 1690-6
",33.50482410000001,126.5197242,http://t1.kakaocdn.net/thumb/T800x0.q80/?fname=http%3A%2F%2Ft1.daumcdn.net%2Flocalad_thumb%2Ft%2Ff95cc1187264bd103871bf17085c7844982366bc
240,CAFE,A,제주시,루트17,5.0,7건,6,https://place.map.kakao.com/1572822141,"
제주특별자치도 제주시 동한두기길 3-16 1층
(지번) 용담일동 382-18
",33.5153233,126.5149377,http://t1.kakaocdn.net/thumb/T800x0.q80/?fname=http%3A%2F%2Ft1.kakaocdn.net%2Fmystore%2FA9BBE64274524F33ACAE42EE341EA8E2
241,CAFE,A,제주시,프리제과,5.0,6건,14,https://place.map.kakao.com/381888744,"
제주특별자치도 제주시 전농로 28
(지번) 삼도일동 500-16
",33.5042622,126.5161619,http://t1.kakaocdn.net/thumb/T800x0.q80/?fname=http%3A%2F%2Ft1.kakaocdn.net%2Ffiy_reboot%2Fplace%2F891B6B9A88CB4D67902BC18EE3BA4FAD
242,CAFE,A,제주시,동한두기길31,5.0,8건,6,https://place.map.kakao.com/1215650132,"
제주특별자치도 제주시 동한두기길 31
(지번) 용담일동 432
",33.5167776,126.5153197,0
243,CAFE,A,제주시,모모샌드,4.2,5건,11,https://place.map.kakao.com/1265901792,"
제주특별자치도 제주시 용담로18길 17
(지번) 용담일동 245-3
",33.5086516,126.5134965,http://t1.kakaocdn.net/thumb/T800x0.q80/?fname=http%3A%2F%2Ft1.kakaocdn.net%2Ffiy_reboot%2Fplace%2F48E2C41E7E434004A1A15D8B62D4E073
244,CAFE,A,제주시,빠빠라기 시청점,3.2,23건,12,https://place.map.kakao.com/11053803,"
제주특별자치도 제주시 중앙로 218
(지번) 이도이동 1772-17
",33.49999380000001,126.5293602,0
245,CAFE,A,제주시,레이지커피,4.4,14건,27,https://place.map.kakao.com/355557993,"
제주특별자치도 제주시 서광로11길 14
(지번) 삼도일동 516
",33.5011312,126.5166985,http://t1.kakaocdn.net/thumb/T800x0.q80/?fname=http%3A%2F%2Ft1.kakaocdn.net%2Ffiy_reboot%2Fplace%2F63028EA607A546DBA4A45C6E4319FDD2
246,CAFE,A,제주시,혼디마카롱,4.8,6건,10,https://place.map.kakao.com/1932954547,"
제주특별자치도 제주시 삼성로 106 1층
(지번) 일도이동 163-25
",33.5097091,126.5359073,http://t1.kakaocdn.net/thumb/T800x0.q80/?fname=http%3A%2F%2Ft1.daumcdn.net%2Fplace%2F06F63D07A93D4E35983EB7AC2C71AA72
247,CAFE,A,제주시,제주바솔트,4.3,34건,133,https://place.map.kakao.com/1613900075,"
제주특별자치도 제주시 가령골3길 6 1층
(지번) 이도이동 317-9
",33.5040956,126.5393078,http://t1.kakaocdn.net/thumb/T800x0.q80/?fname=http%3A%2F%2Ft1.daumcdn.net%2Flocalfiy%2F03B8AF5AA8F74CE89F916677A01BA244
248,CAFE,A,제주시,파생,4.5,6건,6,https://place.map.kakao.com/1790462170,"
제주특별자치도 제주시 신산로11길 15 1층
(지번) 일도이동 169-30
",33.5076512,126.5357816,http://t1.kakaocdn.net/thumb/T800x0.q80/?fname=http%3A%2F%2Ft1.kakaocdn.net%2Ffiy_reboot%2Fplace%2FD8C42E27259D420A98FA09178148B3CB
249,CAFE,A,제주시,미스터힐링 제주시청점,5.0,7건,11,https://place.map.kakao.com/1619565582,"
제주특별자치도 제주시 서광로 301 4층
(지번) 이도일동 1774-2
",33.5007836,126.5286021,0
250,CAFE,A,제주시,앨리스,4.3,43건,58,https://place.map.kakao.com/15866494,"
제주특별자치도 제주시 서광로32길 36-1 2층
(지번) 이도2동 1188-15
",33.4975599,126.5296155,http://t1.kakaocdn.net/thumb/T800x0.q80/?fname=http%3A%2F%2Ft1.daumcdn.net%2Flocalfiy%2F2F8C1680438940C38B718238AFCA5D2A
251,CAFE,A,제주시,오삼커피바,4.9,16건,13,https://place.map.kakao.com/1818162931,"
제주특별자치도 제주시 서광로13길 11
(지번) 삼도일동 516-7
",33.5010547,126.5177609,http://t1.kakaocdn.net/thumb/T800x0.q80/?fname=http%3A%2F%2Ft1.daumcdn.net%2Fplace%2FE772D018C56449C18C76E947A32F1B6A
252,CAFE,A,제주시,허그데이,4.8,14건,16,https://place.map.kakao.com/1176846866,"
제주특별자치도 제주시 서광로3길 41 1층
(지번) 용담일동 2814-10
",33.5038491,126.5135087,http://t1.kakaocdn.net/thumb/T800x0.q80/?fname=http%3A%2F%2Ft1.kakaocdn.net%2Fmystore%2FF00002D6844E4FC3960DC4B05982DCFF
253,CAFE,A,제주시,커피동굴,4.8,22건,9,https://place.map.kakao.com/259690308,"
제주특별자치도 제주시 사라봉길 5 지하1층
(지번) 건입동 674-53
",33.5146043,126.5392335,http://t1.kakaocdn.net/thumb/T800x0.q80/?fname=http%3A%2F%2Ft1.kakaocdn.net%2Fmystore%2F89CB8D9F4C8F4C24907B4BBC2CD56951
254,CAFE,A,제주시,올디너리,4.0,15건,33,https://place.map.kakao.com/397324342,"
제주특별자치도 제주시 서광로28길 21-1
(지번) 이도2동 1770-12
",33.4987473,126.5274131,http://t1.kakaocdn.net/thumb/T800x0.q80/?fname=http%3A%2F%2Ft1.daumcdn.net%2Fplace%2FF27230D89BA74A2C8C4E78F5AE48D323
255,CAFE,A,제주시,코너커피,3.9,9건,11,https://place.map.kakao.com/300952834,"
제주특별자치도 제주시 광양10길 12 1층
(지번) 이도2동 1771-12
",33.4988325,126.5284227,http://t1.kakaocdn.net/thumb/T800x0.q80/?fname=http%3A%2F%2Ft1.daumcdn.net%2Fplace%2F3D26D9A6EB8C4B2EB53151D4E4217897
256,CAFE,A,제주시,원스모어,5.0,3건,10,https://place.map.kakao.com/1474043575,"
제주특별자치도 제주시 전농로1길 6
(지번) 삼도일동 721-22
",33.5050045,126.5149762,http://t1.kakaocdn.net/thumb/T800x0.q80/?fname=http%3A%2F%2Ft1.kakaocdn.net%2Fmystore%2F2FEBB7C7F95441039FF0698431CE33FF
257,CAFE,A,제주시,카페더브릿지,3.5,4건,20,https://place.map.kakao.com/18550490,"
제주특별자치도 제주시 광양8길 4 2층
(지번) 이도2동 1773-26
",33.5001171,126.5289632,0
258,CAFE,A,제주시,공설,4.9,7건,27,https://place.map.kakao.com/1122758171,"
제주특별자치도 제주시 공설로 15 1층
(지번) 삼도일동 562-8
",33.4985325,126.5167429,http://t1.kakaocdn.net/thumb/T800x0.q80/?fname=http%3A%2F%2Ft1.daumcdn.net%2Flocalfiy%2FAA18BE5D45BF4A5CBF72F40B75BE7629
259,CAFE,A,제주시,탐앤탐스 제주시청점,3.5,10건,6,https://place.map.kakao.com/11266063,"
제주특별자치도 제주시 중앙로 236 문산빌딩 1층
(지번) 이도이동 1768-13
",33.4986027,126.5302672,http://t1.kakaocdn.net/thumb/T800x0.q80/?fname=http%3A%2F%2Ft1.kakaocdn.net%2Ffiy_reboot%2Fplace%2FB143AF0742E541BA897DC66CE613DFF9
260,CAFE,A,제주시,버터넛 베이크숍&카페,4.7,15건,10,https://place.map.kakao.com/1689624022,"
제주특별자치도 제주시 광양9길 32 1층
(지번) 이도이동 1148-19
",33.5007961,126.5329979,http://t1.kakaocdn.net/thumb/T800x0.q80/?fname=http%3A%2F%2Ft1.kakaocdn.net%2Ffiy_reboot%2Fplace%2FB4D8FD15BE5A4B068989A18B8CE97EA3
261,CAFE,A,제주시,구름제과,4.6,14건,11,https://place.map.kakao.com/1765370336,"
제주특별자치도 제주시 서광로28길 25 1층
(지번) 이도이동 1770-11
",33.4986454,126.5275644,http://t1.kakaocdn.net/thumb/T800x0.q80/?fname=http%3A%2F%2Ft1.daumcdn.net%2Fplace%2F5AEC1201410141FC9A1A8819E52ED760
262,CAFE,A,제주시,시월의리브라,4.6,9건,7,https://place.map.kakao.com/1451476954,"
제주특별자치도 제주시 고마로 10 1층
(지번) 일도이동 550-27
",33.5132996,126.5382351,http://t1.kakaocdn.net/thumb/T800x0.q80/?fname=http%3A%2F%2Ft1.kakaocdn.net%2Ffiy_reboot%2Fplace%2F2FEF92BB415B4032889E6944BE5F2675
263,CAFE,A,제주시,리유니온,4.4,37건,47,https://place.map.kakao.com/996009126,"
제주특별자치도 제주시 신성로13길 32 1층
(지번) 이도이동 1186-4
",33.4975004,126.5304472,http://t1.kakaocdn.net/thumb/T800x0.q80/?fname=http%3A%2F%2Ft1.daumcdn.net%2Flocalfiy%2F82BE2319087E40D0A6419E4E11D571DB
264,CAFE,A,제주시,블루모모,4.1,16건,39,https://place.map.kakao.com/1957800805,"
제주특별자치도 제주시 고산동산1길 9 1층
(지번) 이도이동 1030-21
",33.4976752,126.5323457,http://t1.kakaocdn.net/thumb/T800x0.q80/?fname=http%3A%2F%2Ft1.daumcdn.net%2Fplace%2F610B27693CD14333889C191E3B38C084
265,CAFE,A,제주시,걸피커피,4.9,14건,13,https://place.map.kakao.com/2046461677,"
제주특별자치도 제주시 도남로 9-8 1층
(지번) 도남동 916
",33.4990588,126.5259411,http://t1.kakaocdn.net/thumb/T800x0.q80/?fname=http%3A%2F%2Ft1.kakaocdn.net%2Ffiy_reboot%2Fplace%2FEEF5B8FAAA614681B578B24502D37755
266,CAFE,A,제주시,오캄커피,4.8,9건,17,https://place.map.kakao.com/1708813145,"
제주특별자치도 제주시 광양11길 16 희봉빌라 101호
(지번) 이도2동 1178-3
",33.499514,126.5318488,http://t1.kakaocdn.net/thumb/T800x0.q80/?fname=http%3A%2F%2Ft1.daumcdn.net%2Fplace%2F0FD02AB1D1A747B2850A689390991302
267,CAFE,A,제주시,돈테일러익스프레스,4.4,10건,13,https://place.map.kakao.com/1366075110,"
제주특별자치도 제주시 신성로 19
(지번) 도남동 901-19
",33.4963202,126.5216574,http://t1.kakaocdn.net/thumb/T800x0.q80/?fname=http%3A%2F%2Ft1.daumcdn.net%2Flocalfiy%2Fsearchregister_558442847
268,CAFE,A,제주시,스타벅스 제주서해안로DT점,3.8,29건,78,https://place.map.kakao.com/386969795,"
제주특별자치도 제주시 서해안로 624
(지번) 용담삼동 1020-1
",33.5167857,126.5035553,http://t1.kakaocdn.net/thumb/T800x0.q80/?fname=http%3A%2F%2Ft1.daumcdn.net%2Fplace%2FA94A0E1A76174C5F8AB2DAD372929F11
269,CAFE,A,제주시,마로네 디저트,5.0,3건,11,https://place.map.kakao.com/910976943,"
제주특별자치도 제주시 고마로5길 9-1
(지번) 일도이동 149-21
",33.5121733,126.5395865,http://t1.kakaocdn.net/thumb/T800x0.q80/?fname=http%3A%2F%2Ft1.daumcdn.net%2Fplace%2F57E77F3BFFE7459C8BFCFBF8E0926808
270,CAFE,A,제주시,단정한카페,4.7,25건,30,https://place.map.kakao.com/150782347,"
제주특별자치도 제주시 서광로28길 54 2층
(지번) 도남동 923-15
",33.4967947,126.5292529,http://t1.kakaocdn.net/thumb/T800x0.q80/?fname=http%3A%2F%2Ft1.kakaocdn.net%2Ffiy_reboot%2Fplace%2F12F30BB7D31C4FC19E824F609A390142
271,CAFE,A,제주시,클라우드나인커피,4.0,8건,6,https://place.map.kakao.com/24804810,"
제주특별자치도 제주시 신성로13길 12
(지번) 이도2동 1767-1
",33.499046,126.5293386,http://t1.kakaocdn.net/thumb/T800x0.q80/?fname=http%3A%2F%2Ft1.daumcdn.net%2Flocalfiy%2F19B8C4EFEE4541BBB3CA20F463E60CF2
272,CAFE,A,제주시,머뭄,4.4,5건,6,https://place.map.kakao.com/27235493,"
제주특별자치도 제주시 광양10길 18-1
(지번) 이도2동 1769-12
",33.4988908,126.5281897,http://t1.kakaocdn.net/thumb/T800x0.q80/?fname=http%3A%2F%2Ft1.daumcdn.net%2Fplace%2FF5FDBAA1AD494882B3ABB48E267919CA
273,CAFE,A,제주시,스타벅스 제주일도DT점,3.5,15건,11,https://place.map.kakao.com/1606770927,"
제주특별자치도 제주시 동광로 130
(지번) 일도이동 369-13
",33.5073284,126.540898,http://t1.kakaocdn.net/thumb/T800x0.q80/?fname=http%3A%2F%2Ft1.daumcdn.net%2Fplace%2F2D26594369D64F12A637BFDFE313C2D3
274,CAFE,A,제주시,타이거슈가 제주시청점,4.7,3건,10,https://place.map.kakao.com/1723684548,"
제주특별자치도 제주시 중앙로 220
(지번) 이도이동 1772-37
",33.4998986,126.5294608,http://t1.kakaocdn.net/thumb/T800x0.q80/?fname=http%3A%2F%2Ft1.daumcdn.net%2Fplace%2F50F0D89831DF47C0A2B6292061E3B8DC
275,CAFE,A,제주시,카페열리,4.8,12건,27,https://place.map.kakao.com/803475517,"
제주특별자치도 제주시 신성로 6
(지번) 오라일동 1088-3
",33.4955857,126.520541,http://t1.kakaocdn.net/thumb/T800x0.q80/?fname=http%3A%2F%2Ft1.daumcdn.net%2Fplace%2FBA011E1A83B641A1BE660B76F22A7B0B
276,CAFE,A,제주시,금요일의아침 조금,5.0,5건,13,https://place.map.kakao.com/1628505523,"
제주특별자치도 제주시 가령골1길 12
(지번) 이도이동 319-5
",33.5031022,126.5375682,http://t1.kakaocdn.net/thumb/T800x0.q80/?fname=http%3A%2F%2Ft1.daumcdn.net%2Fplace%2F5B677F5C883445D69B4C0232BB26D6B1
277,CAFE,A,제주시,커피로카,4.4,10건,15,https://place.map.kakao.com/18437400,"
제주특별자치도 제주시 고마로 86
(지번) 일도2동 367-17
",33.5076265,126.5404304,http://t1.kakaocdn.net/thumb/T800x0.q80/?fname=http%3A%2F%2Ft1.daumcdn.net%2Fplace%2F08E283E722A6407CBB055A7054A4C1A8
278,CAFE,A,제주시,시로코,4.3,4건,11,https://place.map.kakao.com/830307450,"
제주특별자치도 제주시 용마서1길 27-7 1층
(지번) 용담삼동 1006
",33.5163246,126.5047924,http://t1.kakaocdn.net/thumb/T800x0.q80/?fname=http%3A%2F%2Ft1.daumcdn.net%2Fplace%2F64B0B5D4F7A449CA95A48507493A7B9D
279,CAFE,A,제주시,카페 오픈,4.4,7건,7,https://place.map.kakao.com/1233788850,"
제주특별자치도 제주시 동고산로 10
(지번) 이도이동 1183-33
",33.4981501,126.5321666,http://t1.kakaocdn.net/thumb/T800x0.q80/?fname=http%3A%2F%2Ft1.daumcdn.net%2Fplace%2FFC09D6214B1C42179EAB49B27AFE7B3B
280,CAFE,A,제주시,커필링,4.8,6건,9,https://place.map.kakao.com/289740101,"
제주특별자치도 제주시 동고산로 17 1층
(지번) 이도이동 1140-4
",33.4986212,126.532898,http://t1.kakaocdn.net/thumb/T800x0.q80/?fname=http%3A%2F%2Ft1.kakaocdn.net%2Ffiy_reboot%2Fplace%2FA80FD0436E09407383EDE9FC5B57E89A
281,CAFE,A,제주시,쿠키상점,4.9,9건,14,https://place.map.kakao.com/815117007,"
제주특별자치도 제주시 동고산로 1 1층
(지번) 이도이동 1180-12
",33.4980185,126.5314855,http://t1.kakaocdn.net/thumb/T800x0.q80/?fname=http%3A%2F%2Ft1.kakaocdn.net%2Fmystore%2F99D55C7F0ECE4C77B381114D52DBCB08
282,CAFE,A,제주시,식빵가게,4.4,8건,15,https://place.map.kakao.com/615988591,"
제주특별자치도 제주시 월성로10길 1 1층
(지번) 용담이동 2752-9
",33.5011685,126.5053189,http://t1.kakaocdn.net/thumb/T800x0.q80/?fname=http%3A%2F%2Ft1.daumcdn.net%2Fplace%2FF72F15B0363B4C7095AE85C8CF78A728
283,CAFE,A,제주시,공생,4.7,22건,23,https://place.map.kakao.com/1243067692,"
제주특별자치도 제주시 천수동로2길 23
(지번) 일도이동 372-9
",33.5082225,126.5433271,http://t1.kakaocdn.net/thumb/T800x0.q80/?fname=http%3A%2F%2Ft1.daumcdn.net%2Fplace%2F0C2D916BEFB245E9AF4380F108505C7A
284,CAFE,A,제주시,보리다,4.2,10건,12,https://place.map.kakao.com/520929796,"
제주특별자치도 제주시 오복1길 17
(지번) 이도이동 1055
",33.4966234,126.5335913,http://t1.kakaocdn.net/thumb/T800x0.q80/?fname=http%3A%2F%2Ft1.daumcdn.net%2Flocalfiy%2Fsearchregister_1006255170
285,CAFE,A,제주시,먹쿠슬낭여행자카페,4.2,13건,83,https://place.map.kakao.com/22400644,"
제주특별자치도 제주시 오라로 24
(지번) 오라삼동 2319-8
",33.4980411,126.5070556,http://t1.kakaocdn.net/thumb/T800x0.q80/?fname=http%3A%2F%2Ft1.daumcdn.net%2Flocalfiy%2F39773324F3EC4D3BA883875FD04112DE
286,CAFE,A,제주시,중립,5.0,4건,11,https://place.map.kakao.com/263626880,"
제주특별자치도 제주시 서광로32길 38 2층
(지번) 이도이동 1188-16
",33.4974851,126.5296932,http://t1.kakaocdn.net/thumb/T800x0.q80/?fname=http%3A%2F%2Ft1.daumcdn.net%2Flocalfiy%2Fsearchregister_760490985
287,CAFE,A,제주시,커피오엘,5.0,11건,9,https://place.map.kakao.com/1042534546,"
제주특별자치도 제주시 서사로 179 1층
(지번) 오라일동 2454
",33.4962458,126.5200284,http://t1.kakaocdn.net/thumb/T800x0.q80/?fname=http%3A%2F%2Ft1.daumcdn.net%2Fplace%2F50E15E3424D747FB9F565E5E67903813
288,CAFE,A,제주시,2월22일,4.9,7건,8,https://place.map.kakao.com/311468079,"
제주특별자치도 제주시 오라로18길 10-1 1층
(지번) 오라일동 1012-8
",33.4940906,126.5171995,http://t1.kakaocdn.net/thumb/T800x0.q80/?fname=http%3A%2F%2Ft1.kakaocdn.net%2Ffiy_reboot%2Fplace%2F7900C040242C4C86898CFCE2BDEDE812
289,CAFE,A,제주시,더블랭크,3.3,12건,19,https://place.map.kakao.com/404035026,"
제주특별자치도 제주시 도남서길 22
(지번) 도남동 50-4
",33.4933575,126.5235284,http://t1.kakaocdn.net/thumb/T800x0.q80/?fname=http%3A%2F%2Ft1.kakaocdn.net%2Ffiy_reboot%2Fplace%2FF26F80C6E10B466F9B7E2EEF70B627A0
290,CAFE,A,제주시,다소니,4.2,28건,53,https://place.map.kakao.com/10267331,"
제주특별자치도 제주시 오남로6길 24
(지번) 오라일동 995-15
",33.490672,126.5177399,http://t1.kakaocdn.net/thumb/T800x0.q80/?fname=http%3A%2F%2Ft1.daumcdn.net%2Fcfile%2F226C7D4652AE698E1C
291,CAFE,A,제주시,유티피커피,4.6,16건,7,https://place.map.kakao.com/1705505338,"
제주특별자치도 제주시 고마로 136 은경빌딩 2층
(지번) 이도이동 408-6
",33.5023525,126.5425731,http://t1.kakaocdn.net/thumb/T800x0.q80/?fname=http%3A%2F%2Ft1.daumcdn.net%2Fplace%2FEFEA7170B4DA4D13B148139CC58C86E0
292,CAFE,A,제주시,유쥬얼커피,4.5,14건,19,https://place.map.kakao.com/1808199149,"
제주특별자치도 제주시 도남로13길 11
(지번) 도남동 83-64
",33.4931873,126.529542,http://t1.kakaocdn.net/thumb/T800x0.q80/?fname=http%3A%2F%2Ft1.kakaocdn.net%2Ffiy_reboot%2Fplace%2F6DF97870F64E4ED9AC2C421A19112C99
293,CAFE,A,제주시,카페리블링스,5.0,3건,26,https://place.map.kakao.com/1517099733,"
제주특별자치도 제주시 동성길 67
(지번) 오라이동 2196-1
",33.4946744,126.5091278,http://t1.kakaocdn.net/thumb/T800x0.q80/?fname=http%3A%2F%2Ft1.kakaocdn.net%2Ffiy_reboot%2Fplace%2F35794D9D450D4D519B5C741D9A126D3C
294,CAFE,A,제주시,텀,5.0,3건,12,https://place.map.kakao.com/2060250179,"
제주특별자치도 제주시 천수동로 49 1층
(지번) 건입동 89-1
",33.5066368,126.5472581,http://t1.kakaocdn.net/thumb/T800x0.q80/?fname=http%3A%2F%2Ft1.daumcdn.net%2Fplace%2FF4DD4489314542BB9BADB4F41D75D3F8
295,CAFE,A,제주시,커피주의보,4.5,22건,28,https://place.map.kakao.com/71203947,"
제주특별자치도 제주시 남광로 16
(지번) 이도이동 1994-5
",33.4979375,126.5462372,http://t1.kakaocdn.net/thumb/T800x0.q80/?fname=http%3A%2F%2Ft1.daumcdn.net%2Fplace%2F6B698E257E9A46EA9F8C793C47D044E0
296,CAFE,A,제주시,포스트커피,4.8,16건,18,https://place.map.kakao.com/744578074,"
제주특별자치도 제주시 중앙로 319-1 1층
(지번) 이도이동 1080-21
",33.4926974,126.5360549,http://t1.kakaocdn.net/thumb/T800x0.q80/?fname=http%3A%2F%2Ft1.kakaocdn.net%2Ffiy_reboot%2Fplace%2F4B63357EF8B3406F9038CDFFD9394661
297,CAFE,A,제주시,제주설심당 본점,3.6,14건,31,https://place.map.kakao.com/24812797,"
제주특별자치도 제주시 서해안로 504 1층
(지번) 용담삼동 2319-6
",33.5194453,126.493001,http://t1.kakaocdn.net/thumb/T800x0.q80/?fname=http%3A%2F%2Ft1.daumcdn.net%2Fplace%2F602C37BB783B4B689606E0BD98DD5378
298,CAFE,A,제주시,아일렛,4.4,25건,24,https://place.map.kakao.com/27335344,"
제주특별자치도 제주시 구남동2길 19-6 1층
(지번) 이도2동 2003-4
",33.4894052,126.5360124,http://t1.kakaocdn.net/thumb/T800x0.q80/?fname=http%3A%2F%2Ft1.daumcdn.net%2Fplace%2FFFE19A77F47F47949AF908AA7EA632F1
